,ISO,Year,Risk.ext.debt.distress,Debt.Indicator,Inflation,Cur.acc.bal,Gen.gov.len.bor,Vol.Exp.Goods,GDP,GDP.per.cap,Gen.gov.rev,US.int.rates,Ext.Debt.Serv,Real.GDP.growth,Exch.Rate,Control.of.Corruption,Government.Effectiveness,Pol.Stability.Absence.of.Violence,Regulatory.Quality,Rule.of.Law,Voice.and.Accountability
1,BEN,2005,Moderate,0,4.676,-3.444,-1.523,-1.734,6.571,823.24,12.615,2.981356771,48441194.6,1.713164564,527.2583626,-0.8500885,4.3423732,0.4468158,-0.6539117,1.9584584,-0.0299641
2,BFA,2005,Moderate,0,6.409,-10.324,-4.89,18.105,6.15,458.187,15.327,2.981356771,45990513.7,8.661873228,527.2583626,-0.1257476,4.4212283,-0.0648551,-0.4010216,1.9799709,-0.4465201
3,BDI,2005,High,1,13.253,-4.665,-10.556,24.653,1.117,148.71,22.587,2.981356771,40010353.8,0.900000001,1081.577167,-0.9300242,3.750419,-1.524742,-1.364591,1.346115,-0.6342345
4,CMR,2005,Low,0,1.993,-2.757,3.292,-10.677,17.974,1007.39,16.798,2.981356771,818876650,2.020662307,527.2583626,-1.181337,4.0904411,-0.183143,-0.9296345,1.292113,-1.034067
5,CAF,2005,In debt distress,1,2.879,-6.235,-4.343,-6.075,1.413,356.688,11.813,2.981356771,6878445.1,0.908210515,527.2583626,-1.278493,3.435491,-1.430053,-1.340983,1.046705,-0.9943755
6,TCD,2005,High,1,4.449,1.041,-0.068,33.57,6.676,661.203,11.442,2.981356771,54594318.2,17.33253374,527.2583626,-1.506754,3.616108,-1.443999,-1.236425,0.989048,-1.307716
7,COM,2005,In debt distress,1,3.007,-3.795,0.032,21.027,0.656,1085.66,11.763,2.981356771,4032130.1,2.83754787,395.443772,-0.8848742,3.398967,-0.435432,-1.505809,1.5046498,-0.630451
8,COD,2005,In debt distress,1,21.545,-3.22,0.639,25.603,12.069,189.034,9.366,2.981356771,217647070.9,6.135151155,473.9080083,-1.418278,3.4281,-2.132514,-1.683722,0.946307,-1.521638
9,COG,2005,High,1,2.466,6.067,13.403,24.303,6.654,2058.3,35.528,2.981356771,112368096.1,7.755758978,527.2583626,-1.044834,3.729308,-1.166832,-1.314487,1.027441,-1.07914
10,CIV,2005,In debt distress,1,3.884,0.168,-1.025,4.416,23.625,1287.97,12.572,2.981356771,307109438.6,1.721247367,527.2583626,-1.240558,3.676604,-2.264047,-0.8962979,1.020427,-1.294619
11,ETH,2005,Moderate,0,11.656,-12.657,-4.122,-4.328,12.387,164.937,18.768,2.981356771,88313921.1,11.81876595,8.666441667,-0.7700803,4.0828696,-1.690749,-1.133831,1.5638786,-1.238757
12,GMB,2005,In debt distress,1,4.959,-6.283,-3.332,8.9,1.028,665.721,9.614,2.981356771,28688477.5,-2.351729362,28.57543333,-0.7058645,4.2844089,0.2021239,-0.5525596,2.1206185,-1.015846
13,GHA,2005,Moderate,0,15.095,-4.97,-2.016,1.537,24.521,1147.61,11.847,2.981356771,340493092.2,5.900003916,0.905209486,-0.3671385,4.8126182,0.1683214,-0.1254053,2.3837157,0.1974853
14,GIN,2005,In debt distress,1,31.358,-0.83,-1.074,3.764,4.506,470.57,9.934,2.981356771,173195278.5,2.997272562,3644.333333,-1.050257,3.952436,-1.156667,-1.079883,1.127999,-1.172005
15,GNB,2005,In debt distress,1,3.358,-1.635,-4.96,14.451,0.64,482.181,15.206,2.981356771,6370606.7,4.266098931,527.2583626,-1.152722,3.639372,-0.5646369,-1.11762,1.249564,-0.4844251
16,LBR,2005,In debt distress,1,6.945,2.207,-0.497,-0.422,0.949,316.487,10.999,2.981356771,1843426.4,5.281212071,57.09583333,-1.204036,3.586129,-1.361709,-1.577216,1.173488,-0.4179905
17,MDG,2005,Moderate,0,18.364,-12.531,-2.475,37.248,5.859,319.537,15.878,2.981356771,79634976.9,4.755845097,2003.025833,-0.0732841,4.6464145,-0.0215053,-0.2185342,2.1474685,-0.1237975
18,MWI,2005,Moderate,0,8.160,-13.28,-1.898,-11.38,3.656,267.785,24.21,2.981356771,76169243,3.268725828,118.42,-0.70995,4.1883242,0.1045019,-0.4705365,2.3949369,-0.5281026
19,MLI,2005,Moderate,0,6.414,-7.115,-2.764,16.796,6.251,504.44,18.87,2.981356771,100006798.6,6.534778775,527.2583626,-0.4975321,4.2940899,0.1756825,-0.5534297,2.343197,0.2479338
20,MOZ,2005,Low,0,6.428,-8.935,-2.145,11.761,8.512,405.139,15.55,2.981356771,392930418.4,6.645908281,23.060965,-0.5324818,4.4755871,0.1245581,-0.7077828,1.8834126,0.0083353
21,NER,2005,High,1,7.810,-7.106,-1.523,6.578,4.386,321.9,13.981,2.981356771,40492783.5,7.331868841,527.2583626,-0.717895,4.227543,-0.488365,-0.4114659,1.7930974,-0.2835604
22,RWA,2005,High,1,9.122,1.008,1.277,13.494,2.59,294.344,23.954,2.981356771,28239719.5,9.377899425,557.8226408,-0.6179556,4.0930876,-1.002252,-0.9752049,1.5833933,-1.194444
23,STP,2005,High,1,17.152,-20.892,26.812,1.274,0.125,809.407,70.478,2.981356771,6654194.9,7.093773747,10.55797033,-0.5369121,4.3177533,0.5757505,-0.8662047,1.968378,0.061735
24,SEN,2005,Low,0,1.707,-6.143,-0.263,2.54,11.033,994.877,18.376,2.981356771,203538582.5,5.622606856,527.2583626,-0.050289,4.7717485,-0.2044541,-0.2386367,2.5100265,0.0561978
25,SLE,2005,Moderate,0,13.702,-6.363,-1.937,1.241,1.649,292.1,16.098,2.981356771,18355670.1,4.505095672,2889.5875,-1.066617,3.658681,-0.4792502,-1.088785,1.371062,-0.5309957
26,TZA,2005,Moderate,0,4.359,-5.461,-3.276,9.512,17.174,459.751,15.038,2.981356771,133189081,7.476319258,1128.934179,-0.5973649,4.5886303,-0.5829188,-0.5023046,2.2207296,-0.3634433
27,TGO,2005,In debt distress,1,5.295,-8.94,-2.248,2.412,2.283,406.842,15.626,2.981356771,21250892,-4.666299379,527.2583626,-0.8747956,3.557986,-1.446407,-0.7914191,1.420117,-1.221733
28,UGA,2005,Moderate,0,8.602,0.395,-0.17,12.194,12.46,483.032,14.301,2.981356771,171761252.5,6.332565116,1780.540261,-0.8235874,4.4430253,-1.417637,-0.2744117,1.9191434,-0.597284
29,ZMB,2005,Low,0,18.325,-2.786,-2.372,6.293,8.332,691.785,20.079,2.981356771,283934369.8,7.235599007,4.465,-0.5917786,4.0647714,0.1050498,-0.7349188,1.9799008,-0.4303459
30,BEN,2006,Moderate,0,6.355,-3.088,-0.147,10.611,7.034,856.1,12.859,4.786447662,42023701.7,3.943738828,522.4256249,-0.5886191,4.3934112,0.5470105,-0.4275719,1.9660776,0.3627777
31,BFA,2006,Moderate,0,2.336,-8.308,14.346,6.985,6.548,473.475,36.224,4.786447662,44734442.2,6.253164688,522.4256249,-0.3099104,4.237663,0.1561723,-0.3436106,2.0689648,-0.3418339
32,BDI,2006,High,1,2.744,-21.287,-9.924,-20.639,1.273,164.575,26.55,4.786447662,19972254.5,5.413807145,1028.683553,-1.095598,3.896653,-1.427005,-1.202598,1.5295595,-0.7231436
33,CMR,2006,Low,0,4.906,0.999,30.453,-1.272,19.374,1056.32,43.949,4.786447662,749188069.1,3.457668793,522.4256249,-1.086014,4.0506039,-0.2452714,-0.8483388,1.345463,-1.023898
34,CAF,2006,In debt distress,1,6.815,-2.872,8.584,0.888,1.538,381.315,21.954,4.786447662,71344027.9,4.77108543,522.4256249,-1.210749,3.495575,-1.851548,-1.260503,0.961759,-1.014794
35,TCD,2006,High,1,9.640,4.579,2.22,-4.665,7.451,712.529,16.152,4.786447662,57157254.9,0.648262014,522.4256249,-1.351849,3.515444,-1.832306,-1.102796,0.951442,-1.418421
36,COM,2006,In debt distress,1,3.389,-3.248,-1.507,6.52,0.689,1110.98,10.948,4.786447662,3756429,2.646955476,391.8192187,-0.696618,3.322652,-0.3597731,-1.489534,1.5465953,-0.2216852
37,COD,2006,In debt distress,1,12.845,0.332,1.056,-29.856,14.376,218.022,10.113,4.786447662,289648504.1,5.320979565,468.278825,-1.525243,3.380935,-2.250013,-1.314578,0.882843,-1.230791
38,COG,2006,High,1,3.706,13.87,15.957,10.243,8.073,2436.38,42.588,4.786447662,87666540.9,7.986238363,522.4256249,-1.10221,3.743937,-0.9244087,-1.212756,1.232912,-1.208369
39,CIV,2006,In debt distress,1,2.466,1.947,-1.034,1.151,24.628,1308.58,13.427,4.786447662,270053013.4,1.515842363,522.4256249,-1.198453,3.836927,-1.865294,-0.9197752,1.050901,-1.278678
40,ETH,2006,Moderate,0,13.558,-11.665,-3.788,-3.921,15.31,198.696,18.279,4.786447662,133643624.6,10.83472707,8.698615833,-0.6461358,4.3399859,-1.738937,-1.008481,1.8401635,-1.193717
41,GMB,2006,In debt distress,1,2.056,-4.296,-3.194,6.856,1.054,662.362,10.828,4.786447662,30340070.6,-0.555580977,28.065725,-0.7218639,4.3248441,-0.0343314,-0.4042953,2.1399347,-0.896951
42,GHA,2006,Moderate,0,11.683,-5.83,-3.338,10.169,28.785,1315.82,12.099,4.786447662,289000354.8,6.399912502,0.915106799,-0.0210537,5.1603275,0.008032,-0.0638116,2.5544558,0.4075934
43,GIN,2006,In debt distress,1,34.702,-3.125,-2.18,-7.38,4.178,426.419,11.035,4.786447662,173582198.7,1.164421523,5148.75,-1.115179,3.703708,-1.907449,-1.228478,1.095333,-1.227811
44,GNB,2006,In debt distress,1,1.953,-6.22,-4.574,-12.394,0.635,467.998,15.233,4.786447662,9829776.2,2.309357998,522.4256249,-1.087825,3.897604,-0.4951869,-0.9375241,1.254162,-0.6288677
45,LBR,2006,In debt distress,1,9.514,-7.288,4.162,30.629,1.119,360.524,14.634,4.786447662,2095513.5,8.043906248,58.01333333,-0.718835,3.716879,-1.32963,-1.473984,1.6124932,-0.1676431
46,MDG,2006,Moderate,0,10.766,-9.155,-3.03,-0.258,6.396,338.751,15.444,4.786447662,60699653.9,5.39850845,2142.301667,-0.1858238,4.4013172,0.1834861,-0.1742754,2.0541942,-0.1102595
47,MWI,2006,Moderate,0,8.337,-17.421,0.561,10.854,3.998,284.729,28.423,4.786447662,70387560.1,4.699999992,136.0125,-0.5493971,4.1403503,0.1192622,-0.5059555,2.2841403,-0.2523139
48,MLI,2006,Moderate,0,1.519,-3.258,27.783,-1.75,6.906,539.607,49.854,4.786447662,85514153.3,4.662186878,522.4256249,-0.4818845,4.2613406,0.4135443,-0.4555993,2.2098378,0.297409
49,MOZ,2006,Low,0,13.245,-8.12,-3.153,13.486,9.303,427.955,17.78,4.786447662,548959730.3,9.694374092,25.40077917,-0.6171736,4.3755068,0.5195007,-0.5614842,1.8883425,-0.0863831
50,NER,2006,High,1,0.040,-6.602,30.956,5.535,4.757,336.298,46.11,4.786447662,169664845.3,5.931049974,522.4256249,-0.8477663,4.2217195,-0.2274929,-0.4932139,1.909213,-0.3245527
51,RWA,2006,High,1,8.831,-4.04,-0.029,12.501,3.327,369.716,20.492,4.786447662,26768806.4,9.227077874,551.7103333,-0.2080816,4.7458991,-0.6821145,-0.6567397,1.8245797,-1.222134
52,STP,2006,High,1,23.075,-33.94,17.258,3.979,0.133,839.546,49.724,4.786447662,7055129.4,9.115642105,12.4486425,-0.2851349,4.2267794,0.3461452,-0.6446061,2.0075949,0.2721276
53,SEN,2006,Low,0,2.114,-6.107,-3.616,-13.59,11.859,1041.89,17.38,4.786447662,186358395.8,2.461570254,522.4256249,-0.3728657,4.7128197,-0.2640902,-0.3104712,2.2783978,0.0617268
54,SLE,2006,Moderate,0,10.533,-5.043,-1.552,7.067,1.884,323.259,15.082,4.786447662,24672293,4.223914279,2961.909167,-1.019453,3.889423,-0.3021837,-1.143849,1.5129572,-0.326509
55,TZA,2006,Low,0,7.251,-7.276,-3.385,-2.083,18.878,491.351,14.234,4.786447662,89138835.4,6.53222139,1251.899973,-0.2327513,4.6155571,-0.3557514,-0.3928336,2.0578642,-0.2002937
56,TGO,2006,In debt distress,1,1.082,-7.503,-2.624,-1.286,2.352,408.104,17.247,4.786447662,26752936.4,2.650132097,522.4256249,-1.039965,3.464926,-0.528969,-0.8759041,1.5573677,-1.195147
57,UGA,2006,Moderate,0,7.219,-2.176,-0.637,12.162,14.079,527.739,13.058,4.786447662,99854589.4,10.78474439,1831.451851,-0.7859881,4.4584615,-1.140198,-0.2414692,2.1734919,-0.4453833
58,ZMB,2006,Low,0,9.017,4.645,16.913,6.303,12.757,1030.28,36.604,4.786447662,144820474.9,7.903694445,3.601666667,-0.5515967,4.1475596,0.3625001,-0.6243531,1.9603749,-0.2073383
59,BEN,2007,Moderate,0,1.194,-6.546,0.222,39.916,8.17,966.317,16.031,5.223405843,36772435.2,5.986349322,478.6337185,-0.4631715,4.4673094,0.3861226,-0.4441905,1.9827572,0.368181
60,BFA,2007,Moderate,0,-0.233,-7.353,-5.015,5.56,7.627,535.126,17.824,5.223405843,42145840.7,4.111379018,478.6337185,-0.3318754,4.2465804,0.3076967,-0.2646435,2.1006216,-0.3070092
61,BDI,2007,In debt distress,1,8.412,-32.41,-2.51,21.323,1.356,170.174,36.455,5.223405843,18199197.6,3.45195249,1081.869683,-1.160764,3.73137,-1.375335,-1.244897,1.435364,-0.7140452
62,CMR,2007,Low,0,1.125,1.277,4.139,20.225,22.397,1187.89,18.523,5.223405843,486125072.4,4.902201732,478.6337185,-1.020625,4.158743,-0.3250326,-0.8477936,1.315307,-1.049566
63,CAF,2007,In debt distress,1,0.960,-6.025,1.044,5.321,1.755,427.313,13.915,5.223405843,89845392.7,4.607534855,478.6337185,-1.189861,3.462972,-1.854586,-1.293416,0.931629,-1.083287
64,TCD,2007,High,1,-7.440,8.15,2.525,-3.799,8.687,803.018,19.586,5.223405843,68608463.6,3.271499579,478.6337185,-1.383073,3.373879,-1.865933,-1.133406,0.961145,-1.451322
65,COM,2007,In debt distress,1,4.486,-2.897,-1.179,5.742,0.796,1251.86,11.884,5.223405843,26173456.5,0.800042349,358.9752889,-0.7067446,3.242416,-1.094133,-1.44984,1.488649,-0.388407
66,COD,2007,In debt distress,1,16.672,3.149,0.454,75.664,16.737,245.818,10.188,5.223405843,500821216.9,6.259477764,516.7498917,-1.357004,3.254317,-2.176482,-1.254051,0.889621,-1.211481
67,COG,2007,High,1,2.595,-24,8.986,-16.14,8.784,2586.3,37.568,5.223405843,108369388,-6.613994804,478.6337185,-1.146641,3.677734,-0.77008,-1.203904,1.264742,-1.233997
68,CIV,2007,In debt distress,1,1.896,-0.494,-0.389,-11.148,28.158,1458.24,14.454,5.223405843,431263472.7,1.765036784,478.6337185,-1.091263,3.790403,-1.838058,-0.8458249,1.044949,-1.20209
69,ETH,2007,Moderate,0,17.245,-4.284,-3.567,17.183,19.329,244.495,16.954,5.223405843,126908778.7,11.456167,8.96595,-0.6287453,4.5615431,-1.803412,-0.9442089,1.8511661,-1.203705
70,GMB,2007,High,1,5.370,-5.18,0.275,1.69,1.28,780.379,11.469,5.223405843,33934169.6,3.043249508,24.87343333,-0.728481,4.4256753,0.0477552,-0.3740375,2.1875106,-0.891591
71,GHA,2007,Moderate,0,10.729,-6.357,-5.278,6.06,33.942,1516.07,12.765,5.223405843,234871044.8,4.346819164,0.932619195,0.0390468,5.1288427,-0.0717858,-0.048031,2.535718,0.4973204
72,GIN,2007,In debt distress,1,22.861,-7.298,1.263,0.143,6.317,628.711,9.937,5.223405843,175570184.5,6.827474427,4197.752004,-1.279774,3.752041,-2.400169,-1.229044,1.055286,-1.368684
73,GNB,2007,In debt distress,1,4.627,-4.072,-8.774,17.776,0.753,543.408,14.915,5.223405843,10555941.6,3.262955456,478.6337185,-1.19099,3.918241,-0.4599775,-1.090201,1.186147,-0.7123835
74,LBR,2007,In debt distress,1,11.391,-4.247,2.24,-0.22,1.373,424.942,18.029,5.223405843,643115505.8,9.535279869,61.27222222,-0.4577956,3.785395,-1.243969,-1.196742,1.6102784,-0.1427099
75,MDG,2007,Low,0,10.288,-11.493,-2.308,8.863,8.525,438.655,13.779,5.223405843,34604670.4,5.710564197,1873.876667,-0.1902263,4.5355316,0.0896575,-0.210702,2.1163926,-0.1390652
76,MWI,2007,Moderate,0,8.516,-8.223,-2.841,44.601,4.431,306.9,28.259,5.223405843,33671317.6,9.600000003,139.9575,-0.514421,4.4630846,0.0824758,-0.4459907,2.3444452,-0.2619393
77,MLI,2007,Low,0,1.456,-5.563,-2.784,-6.056,8.157,616.723,18.705,5.223405843,64239581.1,3.493616813,478.6337185,-0.425326,4.2489144,0.2309478,-0.358832,2.3169901,0.2253906
78,MOZ,2007,Low,0,8.161,-7.463,-2.272,-4.415,10.534,471.128,19.427,5.223405843,1159188562,7.729746242,25.84034145,-0.5154082,4.4871909,0.3576092,-0.5535753,1.9021773,-0.0817874
79,NER,2007,Moderate,0,0.054,-6.136,-0.745,2.7,5.732,390.329,16.605,5.223405843,30587688.3,3.142724084,478.6337185,-0.7518947,4.2239342,-0.4584392,-0.5021631,1.9014568,-0.3680814
80,RWA,2007,High,1,9.081,-2.044,-1.55,25.475,4.082,443.725,20.788,5.223405843,23588335.5,7.633281208,546.955,-0.0012737,4.8049439,-0.3583081,-0.6372008,1.922875,-1.246036
81,STP,2007,Moderate,0,18.550,84.849,125.135,14.991,0.145,885.101,164.054,5.223405843,6472097.1,3.253605149,13.536755,-0.3041009,4.2945958,0.393939,-0.7458607,2.065534,0.1911356
82,SEN,2007,Low,0,5.863,-9.344,-2.737,25.299,14.307,1224.13,18.953,5.223405843,190168049.5,4.938485083,478.6337185,-0.5078148,4.5256464,-0.2438859,-0.353941,2.2604589,-0.1817141
83,SLE,2007,Moderate,0,16.970,-7.418,20.09,-5.081,2.159,360.425,33.043,5.223405843,10673176.4,8.058145152,2985.185833,-0.9119571,3.846923,-0.0608303,-1.070928,1.5116718,-0.2184993
84,TZA,2007,Low,0,7.028,-8.391,-1.444,-0.413,21.811,551.879,16.401,5.223405843,72825052.7,6.768535202,1245.035464,-0.3374165,4.6033066,-0.3856436,-0.41469,2.1270633,-0.1424699
85,TGO,2007,In debt distress,1,0.433,-8.114,-2.588,0.707,2.663,449.791,16.75,5.223405843,15449575.1,-1.175120389,478.6337185,-0.9900438,3.466913,-0.3408129,-0.9354221,1.5768278,-1.067694
86,UGA,2007,Low,0,6.090,-3.15,-0.815,20.703,17.512,634.361,12.417,5.223405843,66620884.9,8.412425966,1723.491587,-0.8213381,4.5676824,-0.9151093,-0.2207041,2.1404127,-0.4860639
87,ZMB,2007,Low,0,10.655,-1.238,-1.037,3.096,14.057,1103.45,18.886,5.223405843,124749303.5,8.352436244,4.001666667,-0.4050106,4.2758886,0.3634163,-0.4928786,1.9747609,-0.2069852
88,BEN,2008,Moderate,0,6.767,-5.499,-0.041,1.302,9.787,1125.3,14.509,3.082411335,30136093.5,4.896577084,446.0000414,-0.5033103,4.5376319,0.3745913,-0.4972941,1.9660892,0.3446475
89,BFA,2008,High,1,10.668,-10.232,-3.627,9.003,9.45,643.334,14.963,3.082411335,41836080.7,5.799991741,446.0000414,-0.3048229,4.5102022,0.120163,-0.1939826,2.1551186,-0.2834808
90,BDI,2008,In debt distress,1,24.407,-9.821,-2.704,16.101,1.612,195.79,38.458,3.082411335,19630496.3,4.861712995,1185.690833,-1.090768,3.872951,-1.638164,-1.243566,1.476867,-0.6852906
91,CMR,2008,Low,0,5.338,-1.703,2.09,-4.454,26.514,1367.9,18.722,3.082411335,437898436,3.488800919,446.0000414,-1.022167,4.1941795,-0.5508961,-0.8271499,1.400142,-1.067796
92,CAF,2008,High,1,9.259,-9.71,-1.231,-12.378,2.033,485.807,14.796,3.082411335,26956856.8,2.054130962,446.0000414,-1.115491,3.625589,-1.842395,-1.206067,1.085214,-0.9880777
93,TCD,2008,High,1,8.333,3.552,3.614,-9.179,10.43,932.601,22.409,3.082411335,137290536.1,3.052691532,446.0000414,-1.522943,3.423347,-1.966756,-1.175087,0.883302,-1.445907
94,COM,2008,In debt distress,1,4.816,-6.059,-1.464,-3.103,0.916,1403.8,13.664,3.082411335,12367449.3,3.999971991,334.5000311,-0.7902945,3.224463,-1.107348,-1.494797,1.467032,-0.2873705
95,COD,2008,In debt distress,1,17.966,-0.766,-0.477,11.029,19.709,280.395,11.194,3.082411335,592150074.6,6.225894269,559.2925083,-1.244319,3.334546,-2.005968,-1.296066,0.940679,-1.387891
96,COG,2008,High,1,6.020,7.462,23.897,-5.584,11.649,3346.18,48.063,3.082411335,167418074,6.306375956,446.0000414,-1.175675,3.779446,-0.7200658,-1.267693,1.304606,-1.155456
97,CIV,2008,In debt distress,1,6.315,1.349,-0.21,-4.608,33.621,1697.05,14.38,3.082411335,1048013371,2.542841476,446.0000414,-1.107821,3.756996,-1.806674,-0.9032416,1.078469,-1.16756
98,ETH,2008,Moderate,0,44.371,-6.879,-2.882,5.428,26.25,326.82,15.874,3.082411335,103472657.5,10.78852169,9.599741667,-0.664217,4.6032671,-1.730085,-0.8601215,1.8029047,-1.307213
99,GMB,2008,High,1,4.451,-7.563,-0.454,-3.96,1.562,924.514,11.097,3.082411335,17112888,6.255905534,22.19235,-0.7382274,4.27565,0.0651153,-0.4031689,2.0868801,-0.8655047
100,GHA,2008,Moderate,0,16.505,-8.852,-5.944,8.291,38.414,1677.39,11.845,3.082411335,231063663.9,9.149798975,1.052275,-0.0705424,5.0327254,-0.0276288,-0.0368968,2.4319816,0.4318844
101,GIN,2008,In debt distress,1,18.367,-6.582,0.374,20.685,6.966,675.387,10.459,3.082411335,155879834.4,4.136616153,4601.691004,-1.20396,3.82917,-2.098021,-1.212222,0.970805,-1.426304
102,GNB,2008,In debt distress,1,10.445,-3.024,-0.735,0.981,0.953,672.251,21.02,3.082411335,9794647.9,3.203567307,446.0000414,-1.180871,3.958342,-0.709056,-1.198117,1.114324,-0.7153731
103,LBR,2008,In debt distress,1,17.490,-29.289,-2.658,0.353,1.726,512.351,18.767,3.082411335,934692875.9,7.145688998,63.2075,-0.7375427,3.71633,-1.285086,-1.341423,1.408867,-0.1849382
104,MDG,2008,Low,0,9.297,-15.915,-1.723,32.531,10.725,536.352,13.988,3.082411335,39397050.1,6.71263895,1708.370833,-0.2661915,4.3501902,-0.4700531,-0.3250708,2.0503244,-0.3261529
105,MWI,2008,Moderate,0,8.716,-15.099,-3.692,7.147,5.321,358.416,28.075,3.082411335,32032278.8,7.639736774,140.5216667,-0.4456559,4.454371,-0.0621808,-0.483631,2.3895652,-0.2466548
106,MLI,2008,Low,0,9.121,-13.588,-1.977,-4.709,9.837,719.334,16.899,3.082411335,69119090.8,4.773145081,446.0000414,-0.5290691,4.2262978,0.2103665,-0.4054857,2.1790708,0.202511
107,MOZ,2008,Low,0,14.503,-9.076,-1.947,13.533,12.64,549.706,19.931,3.082411335,604880264.2,7.317755324,24.30064247,-0.4920207,4.4886468,0.3815113,-0.4501007,1.893061,-0.0727424
108,NER,2008,Moderate,0,11.310,-8.964,1.108,15.124,7.297,478.448,17.941,3.082411335,28962737.3,7.731414229,446.0000414,-0.7201005,4.300801,-0.6684192,-0.4236389,1.8317997,-0.4418941
109,RWA,2008,Moderate,0,15.440,-5.139,0.822,-3.112,5.201,547.499,23.202,3.082411335,47852285.8,11.16124324,546.8486532,0.0962692,4.8689532,-0.3239338,-0.5066115,2.0227131,-1.311892
110,STP,2008,High,1,31.991,-17.611,13.648,20.428,0.188,1125.88,44.095,3.082411335,2333762.1,8.186174056,14.69520167,-0.3017965,4.3260759,0.175625,-0.7074816,2.0154328,0.1847558
111,SEN,2008,Low,0,6.335,-11.202,-3.497,-1.884,17.017,1417.49,17.239,3.082411335,181223566.2,4.056375727,446.0000414,-0.4978309,4.8441473,-0.1476973,-0.321682,2.2196403,-0.2135035
112,SLE,2008,Moderate,0,8.205,-8.977,-3.466,-10.952,2.511,409.443,12.695,3.082411335,5911045.8,5.39828521,2981.515,-0.9686922,3.849477,-0.238069,-0.9751633,1.5646327,-0.1416382
113,TZA,2008,Low,0,10.276,-7.657,-1.919,-1.924,27.762,683.137,16.32,3.082411335,73435537.6,5.68641686,1196.310709,-0.4170312,4.507368,-0.228036,-0.5074317,2.1512882,-0.1662126
114,TGO,2008,In debt distress,1,7.690,-6.705,-0.814,5.771,3.323,546.29,16.257,3.082411335,195252221.3,4.062252828,446.0000414,-0.9731315,3.503427,-0.1695216,-0.954002,1.6748013,-0.9882196
115,UGA,2008,Low,0,12.044,-5.459,-1.995,14.913,22.419,784.496,10.951,3.082411335,74201276.7,8.708751901,1720.443879,-0.8326218,4.4163751,-0.8762574,-0.2322885,2.1485462,-0.5099347
116,ZMB,2008,Low,0,12.449,-3.331,-0.668,7.407,17.911,1365.69,18.79,3.082411335,167178872.8,7.773895815,3.745,-0.3910125,4.2655631,0.4698419,-0.4648499,2.0919991,-0.1611002
117,BEN,2009,Moderate,0,0.398,-6.69,-2.241,-14.017,9.728,1087.58,14.756,2.468828892,47678936.6,2.319292139,470.2934233,-0.6156271,4.4245179,0.4032981,-0.3465346,1.8461163,0.3425233
118,BFA,2009,High,1,0.864,-4.037,-4.16,6.414,9.44,623.497,17.359,2.468828892,43874724.6,2.961950859,470.2934233,-0.3353375,4.4144281,0.0349414,-0.1119205,2.2928762,-0.2897423
119,BDI,2009,High,1,10.557,-6.312,-5.145,-20.627,1.775,208.78,32.843,2.468828892,19866682.3,3.812746937,1230.179167,-1.129477,3.95383,-1.272694,-1.155625,1.352703,-0.6894393
120,CMR,2009,Low,0,3.040,-4.304,-0.044,11.974,26.094,1309.59,15.677,2.468828892,402293277.9,2.198664102,470.2934233,-1.003626,4.1624774,-0.4744701,-0.7615821,1.376858,-1.040357
121,CAF,2009,Moderate,0,3.521,-8.714,-0.553,-13.61,2.059,482.648,15.455,2.468828892,31380646.1,8.587260426,470.2934233,-0.9766904,3.58782,-1.905314,-1.255856,1.194913,-1.003473
122,TCD,2009,Moderate,0,10.103,-8.209,-9.203,-0.068,9.315,805.798,14.935,2.468828892,77692757.1,4.217695552,470.2934233,-1.402205,3.554217,-1.728324,-1.06258,0.986622,-1.398563
123,COM,2009,In debt distress,1,4.789,-4.09,0.36,-4.739,0.904,1351.15,14.022,2.468828892,11866146.8,3.200113112,352.7200675,-0.8286337,3.230157,-0.7667361,-1.548741,1.369935,-0.3419944
124,COD,2009,In debt distress,1,46.101,-6.005,0.925,-14.518,18.702,257.769,13.395,2.468828892,624518907.4,2.85506401,809.7858333,-1.38918,3.306469,-2.002091,-1.529051,0.866818,-1.409388
125,COG,2009,High,1,4.341,-14.103,4.756,21.939,9.713,2722.04,29.189,2.468828892,178673013.5,11.63728886,470.2934233,-1.19568,3.773274,-0.2495118,-1.287886,1.281515,-1.104503
126,CIV,2009,High,1,1.009,4.82,-1.001,11.054,33.693,1657.6,13.384,2.468828892,1133085396,3.251453718,470.2934233,-1.104134,3.891088,-1.320874,-0.9707215,1.265469,-1.06438
127,ETH,2009,Moderate,0,8.479,-7.641,-0.932,4.315,28.672,351.341,16.181,2.468828892,95805491.8,8.802553198,11.77759967,-0.7013902,4.5031128,-1.640794,-0.9303918,1.6729125,-1.298283
128,GMB,2009,High,1,4.554,-7.783,-1.648,-0.963,1.45,833.282,12.706,2.468828892,19514791.3,6.665724308,26.6443612,-0.5736223,4.3281112,0.1244179,-0.342745,1.9941119,-1.012212
129,GHA,2009,Moderate,0,13.139,-4.079,-5.378,0.008,34.254,1462.82,12.281,2.468828892,258586042.8,4.844486998,1.404966667,-0.0072126,4.9546492,0.0299434,0.0803972,2.4579402,0.4979627
130,GIN,2009,In debt distress,1,4.682,-5.64,-4.893,-1.018,6.753,637.478,11.357,2.468828892,144114325.3,-1.117638595,4801.083238,-1.078125,3.977748,-2.116101,-1.139881,0.962022,-1.302842
131,GNB,2009,In debt distress,1,-1.637,-5.393,2.679,19.392,0.889,613.569,23.287,2.468828892,11625703.3,3.368974958,470.2934233,-1.195958,3.970573,-0.6664873,-1.183313,1.164402,-0.7591977
132,LBR,2009,In debt distress,1,7.427,-15.008,-1.377,-18.5,1.768,504.527,22.184,2.468828892,27442064,5.300539377,68.28666667,-0.5898559,3.768847,-1.051082,-1.196836,1.485601,-0.1633978
133,MDG,2009,Low,0,8.954,-18.395,-2.261,-14.041,9.617,467.54,10.247,2.468828892,49902655.1,-3.978708646,1956.205833,-0.339067,4.1976979,-0.7328526,-0.5246624,1.766159,-0.8315294
134,MWI,2009,Moderate,0,8.416,-10.199,-3.568,-27.736,6.195,405.62,26.911,2.468828892,38547840.4,8.328110276,141.1683333,-0.4046172,4.5255674,0.0532402,-0.4488389,2.3897467,-0.1488018
135,MLI,2009,Low,0,2.217,-10.937,-3.717,-12.58,10.221,722.924,19.097,2.468828892,68491130.7,4.806322267,470.2934233,-0.6739076,4.1986663,-0.0755709,-0.4086943,2.1347825,0.0696146
136,MOZ,2009,Low,0,3.789,-10.001,-4.479,-0.234,12.261,518.466,21.997,2.468828892,509662317.9,6.318197232,27.51829996,-0.4373404,4.4502925,0.6261856,-0.3936403,1.9093555,-0.1142552
137,NER,2009,Moderate,0,0.455,-18.047,-3.916,17.986,7.344,463.552,13.723,2.468828892,37497795.5,1.962600905,470.2934233,-0.610281,4.3478037,-1.15033,-0.4834641,2.0213417,-0.737895
138,RWA,2009,Moderate,0,10.347,-5.939,0.258,-20.159,5.694,587.036,22.496,2.468828892,39499847.5,6.248259929,568.2813268,0.0899276,4.8496827,-0.5062013,-0.3198239,1.9990914,-1.291988
139,STP,2009,High,1,16.957,-25.9,-19.257,4.734,0.188,1098.37,32.68,2.468828892,2100949.8,2.426282361,16.20845125,-0.1968128,4.3404793,0.1460085,-0.7418562,1.8229619,0.1560314
140,SEN,2009,Low,0,-2.248,-5.253,-3.625,4.171,16.296,1321.1,17.276,2.468828892,197408856.4,2.092527084,470.2934233,-0.4863388,4.4882194,-0.2043053,-0.2981089,2.1305748,-0.2690909
141,SLE,2009,Moderate,0,7.469,-13.325,-2.335,17.416,2.454,391.213,15.141,2.468828892,7945164.8,3.188051216,3385.65,-0.9311493,3.796935,-0.2885165,-0.7885708,1.5990516,-0.2413225
142,TZA,2009,Low,0,12.144,-7.516,-4.418,-2.23,28.985,693.025,15.466,2.468828892,164005256.8,5.269105248,1320.312061,-0.4454531,4.4007113,0.0891499,-0.4425703,2.0196635,-0.1603087
143,TGO,2009,In debt distress,1,4.067,-5.249,-3.669,17.004,3.376,540.022,16.297,2.468828892,53834765.7,5.537910972,470.2934233,-1.018094,3.622116,-0.1650247,-0.8632654,1.6176205,-0.9785588
144,UGA,2009,Low,0,13.017,-4.348,-1.61,6.07,24.107,815.808,10.147,2.468828892,71828186.1,6.801517348,2030.488074,-0.901867,4.3762278,-0.9924353,-0.175511,2.0856098,-0.5091616
145,ZMB,2009,Low,0,13.392,5.954,-2.057,19.198,15.328,1134.76,15.75,2.468828892,170407260.6,9.220348406,5.045,-0.4610739,4.1923227,0.5683178,-0.5274447,2.0244628,-0.3003243
146,BEN,2010,Moderate,0,2.179,-5.567,-0.276,25.849,9.543,1037.38,13.8,2.060736714,43826230.2,2.114064726,494.7942622,-0.6608168,4.4053114,0.2612601,-0.3335557,1.8268266,0.314489
147,BFA,2010,High,1,-0.608,-1.797,-4.058,54.547,10.118,648.365,17.597,2.060736714,49385166.3,8.446281577,494.7942622,-0.3506111,4.4311536,-0.1176371,-0.156401,2.3055097,-0.2529503
148,BDI,2010,High,1,6.496,-12.238,-3.637,16.901,2.032,231.549,37.207,2.060736714,4374807.6,5.124163303,1230.748333,-1.165457,3.899055,-1.625959,-1.115116,1.304535,-0.9426936
149,CMR,2010,Low,0,1.279,-3.273,-0.98,-10.334,26.191,1282.37,14.983,2.060736714,203133827.3,3.422507641,494.7942622,-1.061047,4.1099281,-0.7369714,-0.7441876,1.42876,-1.058277
150,CAF,2010,Moderate,0,1.491,-9.418,-1.347,9.368,2.141,492.078,15.912,2.060736714,3358435.9,4.630818432,494.7942622,-0.9296519,3.612257,-2.020625,-1.159351,1.205724,-1.104218
151,TCD,2010,Moderate,0,-2.110,-8.516,-4.152,-5.488,10.701,895.354,20.203,2.060736714,73142727.8,13.55010086,494.7942622,-1.381054,3.533698,-1.524828,-1.068313,0.996676,-1.360329
152,COM,2010,In debt distress,1,3.899,-0.255,4.204,14.004,0.909,1322.64,17.471,2.060736714,4298754.2,3.799933455,371.0956967,-0.8069158,3.256937,-0.5629393,-1.423614,1.453614,-0.4222873
153,COD,2010,High,1,23.461,-10.078,-1.001,31.683,21.566,288.015,14.919,2.060736714,274408365.1,7.107976576,905.9134583,-1.437921,3.264356,-2.196742,-1.586182,0.87926,-1.409103
154,COG,2010,Moderate,0,0.391,6.854,15.517,7.646,13.159,3597.96,38.514,2.060736714,141442239.4,9.931265431,494.7942622,-1.146635,3.772267,-0.3164158,-1.27373,1.280424,-1.062742
155,CIV,2010,In debt distress,1,1.366,1.35,-1.337,-7.723,34.431,1650.96,13.129,2.060736714,751408112.1,2.017638592,494.7942622,-1.157896,3.714357,-1.583894,-0.9260469,1.28275,-1.048398
156,ETH,2010,Low,0,8.134,-1.582,-1.321,15.739,26.887,324.285,17.162,2.060736714,179341010.1,12.55053835,14.40958981,-0.6906257,4.5677699,-1.635101,-0.8702891,1.6983495,-1.344843
157,GMB,2010,High,1,5.049,-10.049,-2.928,0.299,1.543,860.639,11.627,2.060736714,24103893.2,5.90833581,28.01195366,-0.5945483,4.3211861,0.065417,-0.3987791,1.9445909,-1.075465
158,GHA,2010,Moderate,0,6.698,-6.435,-7.52,13.565,43.043,1745.56,12.491,2.060736714,319127886.9,7.899711889,1.429983333,0.0115234,4.9621143,0.0260932,0.1159474,2.4719304,0.51473
159,GIN,2010,In debt distress,1,15.466,-6.397,-9.661,-9.896,6.858,630.549,10.849,2.060736714,105834207.1,4.820715414,5726.071021,-1.201466,3.891019,-1.687079,-1.090813,1.020821,-0.9179657
160,GNB,2010,In debt distress,1,1.071,-7.529,-0.225,-7.451,0.941,644.344,18.324,2.060736714,22364517.9,4.6109709,494.7942622,-1.155414,3.970494,-0.6909543,-1.138213,1.168556,-0.8229927
161,LBR,2010,Low,0,7.291,-19.76,1.144,7.993,1.998,550.36,25.798,2.060736714,6142707.2,6.099827602,71.40333333,-0.561761,3.722915,-0.4685253,-1.056976,1.5388887,-0.2113896
162,MDG,2010,Low,0,9.247,-9.183,-0.76,-7.85,9.983,471.959,11.52,2.060736714,61959675.5,0.619229746,2089.95,-0.4286864,4.0403635,-0.9783388,-0.5662374,1.6253672,-0.8454349
163,MWI,2010,Moderate,0,7.409,-8.584,1.831,40.949,6.957,442.765,31.817,2.060736714,20918516.2,6.874065635,150.4858333,-0.4871768,4.5893192,0.0438958,-0.5748214,2.3744302,-0.1909863
164,MLI,2010,Moderate,0,1.289,-10.719,-2.568,-1.013,10.698,732.402,17.694,2.060736714,61563780.7,5.313935279,494.7942622,-0.6779031,4.1356637,-0.1828992,-0.4931963,2.0500773,0.1581073
165,MOZ,2010,Low,0,12.426,-14.708,-3.503,-17.73,11.418,469.47,23.893,2.060736714,671275481.7,6.502353115,33.9600988,-0.4467431,4.4174189,0.3944219,-0.3978509,2.0281494,-0.120655
166,NER,2010,Low,0,0.944,-14.471,-0.983,19.73,7.858,477.257,13.276,2.060736714,25669208.9,8.578166743,494.7942622,-0.661096,4.3407218,-1.160745,-0.5173832,2.0175289,-0.6669648
167,RWA,2010,Moderate,0,2.306,-6.941,-0.636,11.592,6.148,614.796,23.103,2.060736714,51950487.4,7.334656108,583.1309066,0.3536429,4.9457071,-0.2720939,-0.1971854,2.1692438,-1.327148
168,STP,2010,High,1,13.339,-22.794,-11.711,6.723,0.197,1128.31,38.236,2.060736714,1651307.7,6.671984262,18.49860132,-0.2529863,4.2058474,0.1154429,-0.844986,1.8365356,0.1237374
169,SEN,2010,Low,0,1.228,-3.498,-3.911,-1.29,16.244,1281.27,17.641,2.060736714,304726044.3,3.56274539,494.7942622,-0.6379941,4.4200659,-0.417925,-0.2784313,2.10136,-0.2677378
170,SLE,2010,Moderate,0,7.194,-22.703,-5.002,12.41,2.578,401.835,15.218,2.060736714,11614035.9,5.346466052,3978.086667,-0.7746728,3.78426,-0.2366454,-0.7360142,1.5663589,-0.1578491
171,TZA,2010,Low,0,7.192,-7.458,-4.7,7.518,31.533,732.315,15.259,2.060736714,191204525.7,6.336523427,1395.625,-0.5352294,4.4025232,0.0144716,-0.4232683,2.0143881,-0.1308912
172,TGO,2010,Moderate,0,0.212,-5.784,-2.3,-2.048,3.432,534.465,18.583,2.060736714,36453622,6.099259161,494.7942622,-0.9596605,3.610813,-0.1793484,-0.8803849,1.5777667,-0.9520397
173,UGA,2010,Low,0,3.716,-6.522,-4.645,-12.216,24.683,808.713,10.779,2.060736714,63490401.6,5.637611638,2177.557507,-0.9175547,4.4749447,-1.000558,-0.1725371,2.1020354,-0.5183923
174,ZMB,2010,Low,0,8.500,7.527,-2.432,20.145,20.265,1456.16,15.634,2.060736714,149816243,10.29822332,4.7975,-0.5060785,4.1491129,0.5153514,-0.4962905,2.0097547,-0.2430157
175,BEN,2011,Low,0,2.736,-4.833,-0.981,-10.907,10.691,1130.08,13.746,1.137338319,50212087,2.963752919,471.2486257,-0.5935286,4.4541034,0.3183564,-0.3462625,1.8367028,0.1663906
176,BFA,2011,High,1,2.769,-1.328,-2.039,23.932,12.078,751.041,18.397,1.137338319,67926257.3,6.622562613,471.2486257,-0.3678603,4.440954,-0.5553815,-0.179535,2.1410509,-0.2801855
177,BDI,2011,High,1,9.583,-14.473,-3.491,5.532,2.236,247.097,38.696,1.137338319,10228445.8,4.032602496,1261.073333,-1.187131,3.936771,-1.8072,-1.012377,1.36137,-0.9276319
178,CMR,2011,Low,0,2.940,-2.551,-2.355,12.847,29.37,1402.98,16.255,1.137338319,331808073.1,4.129277161,471.2486257,-1.145449,4.1099408,-0.661688,-0.8069494,1.425519,-1.033121
179,CAF,2011,Moderate,0,1.194,-6.819,-2.135,4.305,2.435,551.028,12.023,1.137338319,1504811.4,4.194615337,471.2486257,-0.9467087,3.717634,-1.789389,-1.191609,1.209316,-1.087498
180,TCD,2011,Moderate,0,2.029,-5.814,2.391,-3.052,12.183,985.629,24.759,1.137338319,82802184.1,0.082869798,471.2486257,-1.328819,3.629463,-1.318085,-1.025349,1.02577,-1.350032
181,COM,2011,In debt distress,1,2.231,-3.613,0.861,-1.837,1.023,1450.16,14.078,1.137338319,3941055.9,4.099846955,353.4364693,-0.7906244,3.239495,-0.5527361,-1.361312,1.497056,-0.373952
182,COD,2011,High,1,14.950,-4.956,-0.985,6.664,25.838,334.393,13,1.137338319,255389492.1,6.87467089,919.4913,-1.427513,3.320703,-2.212989,-1.521802,0.881854,-1.485156
183,COG,2011,Low,0,1.761,13.175,16.065,-3.547,15.653,4175.34,43.938,1.137338319,136755458.6,2.205919363,471.2486257,-1.11917,3.804715,-0.3543004,-1.26487,1.296861,-1.107998
184,CIV,2011,In debt distress,1,4.895,7.504,-2.889,2.175,35.529,1660.45,10.308,1.137338319,730991382.3,-4.387254789,471.2486257,-1.012901,3.844969,-1.405808,-0.8695123,1.230828,-1.081877
185,ETH,2011,Low,0,33.232,-2.569,-1.607,0.895,30.48,361.829,16.621,1.137338319,343948921.2,11.17829623,16.89922576,-0.6579399,4.5158383,-1.506964,-0.9997987,1.7604423,-1.362644
186,GMB,2011,High,1,4.796,-7.437,-3.014,2.744,1.41,762.761,13.53,1.137338319,27366588.5,-8.130444223,29.46152006,-0.5090407,4.3921748,-0.0002706,-0.2845533,1.9568458,-1.215479
187,GHA,2011,Moderate,0,7.676,-6.609,-5.494,39.116,53.645,2123.67,14.106,1.137338319,352338101.2,14.04712363,1.520625,-0.0257114,4.9495462,0.1671121,0.1248741,2.4951211,0.4846578
188,GIN,2011,In debt distress,1,21.351,-18.353,-0.936,7.772,6.034,540.562,15.106,1.137338319,200412257.8,5.612104279,6658.031258,-1.100235,3.876798,-1.388054,-1.00923,1.054877,-0.8877387
189,GNB,2011,Moderate,0,5.055,-1.208,-1.354,40.971,1.157,775.206,15.96,1.137338319,6863262.1,8.084779734,471.2486257,-1.156242,3.971292,-0.753626,-1.123603,1.193623,-0.8534395
190,LBR,2011,Low,0,8.487,-15.007,-4.32,11.696,2.398,640.709,25.04,1.137338319,3207472.9,8.20076584,72.22666667,-0.6711878,3.748981,-0.4273703,-1.091914,1.5726488,-0.2563505
191,MDG,2011,Low,0,9.483,-6.714,-2.043,14.758,11.552,531.266,9.998,1.137338319,50329464.4,1.578429421,2025.1175,-0.4793393,3.967579,-0.7055859,-0.5281697,1.6119838,-0.879346
192,MWI,2011,Moderate,0,7.621,-8.613,-4.124,-8.668,7.984,493.843,21.945,1.137338319,22744004.5,4.854055109,156.5158333,-0.4169382,4.5746081,-0.0729127,-0.7004287,2.3449478,-0.2454195
193,MLI,2011,Moderate,0,3.051,-5.057,-3.417,6.624,12.993,861.874,17.145,1.137338319,68370144.4,3.21313378,471.2486257,-0.6385996,4.1777035,-0.7083797,-0.3982912,1.9989373,0.1678998
194,MOZ,2011,Low,0,11.167,-23.146,-4.408,26.193,14.382,574.873,24.97,1.137338319,671996765.9,7.417384316,29.06759993,-0.4910766,4.3605884,0.3320483,-0.4318583,1.9331285,-0.1995206
195,NER,2011,Moderate,0,2.930,-16.336,-2.189,-0.905,8.771,512.503,13.11,1.137338319,32825238.5,2.357756936,471.2486257,-0.6397219,4.377449,-0.8780045,-0.5308044,2.1097172,-0.2467294
196,RWA,2011,Moderate,0,5.668,-7.027,-0.857,19.808,6.911,677.595,23.736,1.137338319,46473003.2,7.958406046,600.3065198,0.3575973,5.0704055,-0.1771178,-0.1439268,2.1860262,-1.328789
197,STP,2011,High,1,14.321,-27.947,-12.518,0.367,0.233,1302.78,39.682,1.137338319,1665757,4.398201685,17.62293501,-0.1792379,4.2979318,0.0078264,-0.7282254,1.8386424,0.2481136
198,SEN,2011,Low,0,3.404,-6.472,-4.9,12.885,17.899,1373.28,18.237,1.137338319,361363301.7,1.458388671,471.2486257,-0.4963229,4.5036255,-0.2806022,-0.2141801,2.0410984,-0.220193
199,SLE,2011,Moderate,0,6.788,-65.031,-4.541,25.931,2.942,448.324,16.963,1.137338319,18666727.3,6.315045036,4349.161667,-0.8429905,3.807842,-0.1684449,-0.7085726,1.6458691,-0.2038126
200,TZA,2011,Low,0,12.691,-10.992,-3.514,6.685,34.067,768.16,15.36,1.137338319,142743194.8,7.672155435,1557.433333,-0.5917395,4.3483859,-0.0241335,-0.4188805,1.9885063,-0.1414839
201,TGO,2011,Moderate,0,3.558,-7.805,-6.266,16.556,3.872,586.994,19.227,1.137338319,15181725.6,6.398199052,471.2486257,-1.009964,3.6334,-0.1625985,-0.9978567,1.621849,-0.9037215
202,UGA,2011,Low,0,15.009,-7.59,-2.043,-8.347,27.501,872.039,11.132,1.137338319,63627429,9.391655493,2522.802033,-0.9205488,4.4844189,-0.9761018,-0.1569812,2.1393246,-0.5254045
203,ZMB,2011,Low,0,8.658,4.658,-1.783,1.793,23.46,1635.51,17.744,1.137338319,220136301.3,5.564602337,4.861666667,-0.3963221,4.3405597,0.5097738,-0.4388662,2.0435683,-0.1704208
204,BEN,2012,Low,0,6.743,-5.178,-0.216,17.661,11.148,1145.88,14.02,1.307083111,58800641.8,4.811223316,510.5563385,-0.8565331,4.4847127,0.3643676,-0.3786036,1.9143274,0.1244855
205,BFA,2012,Moderate,0,3.817,-1.292,-2.763,9.927,12.569,758.481,19.905,1.307083111,71778388.1,6.45267238,510.5563385,-0.4788863,4.376011,-0.5731292,-0.1188603,2.0632026,-0.3049708
206,BDI,2012,High,1,18.176,-18.592,-3.794,2.205,2.333,250.118,33.75,1.307083111,20996336.5,4.446708222,1442.505625,-1.452943,3.679897,-1.704738,-0.9454027,1.416469,-0.8945184
207,CMR,2012,Low,0,2.382,-3.283,-1.446,-4.366,29.121,1357.15,16.326,1.307083111,237340165.2,4.543265016,510.5563385,-1.261325,4.1019939,-0.5885174,-0.9286842,1.458482,-1.021581
208,CAF,2012,Moderate,0,5.478,-5.585,0.353,7.543,2.512,566.199,14.85,1.307083111,4640045.4,5.053761254,510.5563385,-0.9927816,3.551471,-1.852923,-1.077462,1.056629,-1.241135
209,TCD,2012,Moderate,0,7.517,-7.803,0.473,-8.086,12.411,970.738,24.352,1.307083111,83445179,8.882576072,510.5563385,-1.313718,3.511234,-1.044117,-1.072346,1.033934,-1.342748
210,COM,2012,High,1,5.910,-3.246,1.962,-10.382,1.016,1403.42,16.822,1.307083111,12314523.3,3.200272903,382.9172538,-0.7833758,3.449139,-0.452308,-1.391064,1.484231,-0.4661489
211,COD,2012,High,1,0.857,-4.299,1.75,-11.986,29.319,368.393,15.486,1.307083111,279054336.7,7.086898947,919.7550167,-1.312269,3.345065,-2.085893,-1.489312,0.843,-1.481082
212,COG,2012,Low,0,5.009,13.644,7.236,-11.254,17.704,4607.39,37.893,1.307083111,170696943.9,9.947153143,510.5563385,-1.211273,3.826054,-0.4896899,-1.359338,1.356987,-1.155133
213,CIV,2012,Moderate,0,1.300,-0.866,-2.277,7.125,37.03,1686.73,13.865,1.307083111,720269252.2,10.7065041,510.5563385,-0.8303831,3.901586,-1.263461,-0.764886,1.420741,-0.77775
214,ETH,2012,Low,0,24.132,-7.071,-1.172,-12.55,42.221,493.321,15.476,1.307083111,428443212.8,8.647811633,17.70476138,-0.6025902,4.5747305,-1.564271,-1.047956,1.8225152,-1.308908
215,GMB,2012,High,1,4.645,-4.478,-2.823,15.884,1.415,742.78,16.296,1.307083111,26402039.4,5.241569246,32.07713389,-0.644619,4.4875705,-0.0007788,-0.2281193,1.9234857,-1.287478
216,GHA,2012,Moderate,0,7.072,-8.696,-8.38,5.787,56.505,2184.41,13.733,1.307083111,504198793.9,9.292789405,1.824866667,-0.1265676,4.9514673,0.130695,0.1281278,2.510495,0.4313522
217,GIN,2012,Moderate,0,15.227,-19.933,-2.51,-9.371,7.304,637.791,17.531,1.307083111,176968363.1,5.916911732,6985.829026,-1.041696,3.731259,-1.287012,-1.020365,1.092416,-1.013889
218,GNB,2012,Moderate,0,2.061,-7.925,-2.123,-13.336,1.05,688.497,10.851,1.307083111,7293678.2,-1.712683012,510.5563385,-1.278939,3.769602,-0.9652959,-1.226237,0.977222,-1.325706
219,LBR,2012,Low,0,6.832,-12.308,-2.811,45.572,2.721,707.709,27.438,1.307083111,4607303,7.993815693,73.51477208,-0.5984923,3.826272,-0.4844765,-1.050237,1.6125953,-0.3066162
220,MDG,2012,Low,0,5.714,-7.582,-2.237,6.775,11.579,518.155,9.278,1.307083111,72328620.1,3.011146408,2194.966667,-0.6651397,3.910904,-0.536137,-0.5632995,1.5938759,-0.8832707
221,MWI,2012,Moderate,0,21.296,-9.203,-1.768,5.021,5.981,359.588,27.147,1.307083111,28463631.4,1.885799507,249.1066667,-0.4716163,4.5213941,-0.0026862,-0.7030605,2.2812808,-0.2060844
222,MLI,2012,Moderate,0,5.320,-2.193,-0.956,9.013,12.45,801.102,14.575,1.307083111,60273395.2,-0.836734632,510.5563385,-0.8253763,4.0032047,-2.034329,-0.4108,1.8288089,-0.4955301
223,MOZ,2012,Low,0,2.602,-41.766,-3.616,40.418,16.257,631.76,25.174,1.307083111,477320370.3,7.258439253,28.37298448,-0.568353,4.369913,0.3904937,-0.4481838,1.9139011,-0.1976613
224,NER,2012,Moderate,0,0.465,-10.831,-0.828,18.935,9.433,530.077,15.777,1.307083111,41223975.4,10.54894458,510.5563385,-0.6417262,4.3173367,-1.148131,-0.5946409,1.8523369,-0.2846276
225,RWA,2012,Moderate,0,6.286,-9.537,-2.371,21.247,7.687,732.078,22.097,1.307083111,85309003.2,8.641500169,614.2951424,0.5579525,4.9517461,-0.2306152,-0.0998168,2.2283405,-1.277657
226,STP,2012,High,1,10.638,-21.847,-11.215,-10.194,0.253,1380.11,34.992,1.307083111,11354349.1,3.141975852,19.06841681,-0.1782128,4.3210525,0.0133354,-0.7845786,1.7521849,0.1801338
227,SEN,2012,Low,0,1.417,-8.678,-4.146,2.572,17.836,1330.82,18.615,1.307083111,323231723.8,5.117394237,510.5563385,-0.2566233,4.5338366,-0.108322,-0.0812536,2.2131889,-0.0041891
228,SLE,2012,Moderate,0,6.588,-31.833,-5.158,114.993,3.802,566.37,15.175,1.307083111,20728475.7,15.18176908,4344.036667,-0.9511303,3.7743,-0.2799453,-0.7031516,1.6464322,-0.3206525
229,TZA,2012,Low,0,16.001,-11.96,-4.06,2.991,39.651,867.857,15.442,1.307083111,160447796.9,4.50015356,1571.698333,-0.7569411,4.3085811,0.0514543,-0.3926336,1.9706259,-0.1760137
230,TGO,2012,Moderate,0,2.639,-7.593,-6.478,5.415,3.876,572.169,20.214,1.307083111,23273075.6,6.543507031,510.5563385,-1.000225,3.685867,-0.3864578,-0.8441291,1.5719821,-0.9958094
231,UGA,2012,Low,0,12.679,-5.351,-2.385,18.454,30.939,950.56,10.732,1.307083111,68044859.9,3.837455606,2504.563078,-0.9884557,4.4299816,-0.8689665,-0.2389865,2.151838,-0.4935461
232,ZMB,2012,Low,0,6.575,4.893,-2.832,27.935,25.503,1724.71,18.694,1.307083111,230504449.9,7.597593211,5.1475,-0.2842946,4.5238202,0.6609625,-0.4266993,2.134804,-0.1328266
233,BEN,2013,Low,0,0.969,-5.379,-1.365,19.728,12.518,1251.25,13.529,1.46929925,84342953.7,7.191433721,493.8996239,-0.7441061,4.5105597,0.3011894,-0.4007843,1.9313328,0.1554964
234,BFA,2013,Moderate,0,0.525,-10.008,-3.548,1.879,13.444,787.482,21.713,1.46929925,79630955.7,5.792584845,493.8996239,-0.5230929,4.3391581,-0.7633901,-0.1749993,1.9695501,-0.255426
235,BDI,2013,High,1,7.938,-19.66,-1.811,37.327,2.575,267.696,31.351,1.46929925,32336040.6,4.924195261,1555.090833,-1.409685,3.935043,-1.350278,-0.8779285,1.430001,-0.9530513
236,CMR,2013,Low,0,2.050,-3.486,-3.705,14.544,32.358,1471.21,16.317,1.46929925,274182091.9,5.40426571,493.8996239,-1.205251,4.081248,-0.5322373,-0.9374695,1.449047,-1.036896
237,CAF,2013,Moderate,0,6.989,-2.935,-5.935,-21.323,1.692,380.304,7.464,1.46929925,6699903.1,-36.3919771,493.8996239,-1.090757,3.390117,-2.154897,-1.172318,0.706919,-1.474687
238,TCD,2013,High,1,0.223,-9.146,-2.065,-12.929,12.994,982.92,20.74,1.46929925,120086251.9,5.700001363,493.8996239,-1.351272,3.611169,-1.089472,-0.9917988,1.117512,-1.374709
239,COM,2013,High,1,0.416,-4.044,10.489,20.061,1.116,1500.73,25.315,1.46929925,591155.6,4.499874215,370.4247179,-0.73996,3.410633,-0.2569292,-1.201662,1.5631963,-0.460561
240,COD,2013,High,1,0.876,-9.514,1.874,40.541,32.676,398.627,14.624,1.46929925,400977709.6,8.481956636,919.5659074,-1.318193,3.52229,-2.192191,-1.233635,0.926564,-1.458554
241,COG,2013,Low,0,4.631,10.77,-2.849,-8.278,17.959,4559.73,39.542,1.46929925,440835891.3,-0.712434452,493.8996239,-1.153927,3.844076,-0.4750501,-1.333404,1.38717,-1.11778
242,CIV,2013,Moderate,0,2.584,-0.978,-1.621,3.567,43.228,1919.16,14.236,1.46929925,1053535210,8.889421302,493.8996239,-0.7355494,4.0742124,-1.048724,-0.7363843,1.5949556,-0.7511911
243,ETH,2013,Low,0,8.071,-6.059,-1.931,15.6,46.544,535.264,15.825,1.46929925,655513176.2,10.58227005,18.62662896,-0.4949463,4.3930029,-1.407307,-1.118452,1.8525864,-1.313026
244,GMB,2013,Moderate,0,5.241,-6.738,-5.559,-8.263,1.376,700.515,12.114,1.46929925,29565308.3,2.87276879,35.95758683,-0.6964284,4.2946211,-0.0486364,-0.3614394,1.8570079,-1.257354
245,GHA,2013,Moderate,0,11.666,-9.014,-9.178,9.594,63.279,2389.77,12.531,1.46929925,709058946.4,7.312525007,1.98135,-0.0966235,4.9016263,0.0606061,0.0846051,2.6491421,0.4388546
246,GIN,2013,Moderate,0,11.887,-12.517,-3.874,-11.421,8.374,712.982,14.765,1.46929925,90770975,3.934784025,6907.87807,-1.04008,3.82632,-1.229852,-1.001378,1.124599,-1.022311
247,GNB,2013,Moderate,0,0.779,-4.345,-1.673,5.143,1.11,711.927,10.743,1.46929925,2026939.9,3.255904265,493.8996239,-1.325588,3.56689,-0.8999276,-1.261222,0.914446,-1.343437
248,LBR,2013,Low,0,7.578,-14.669,-5.96,-4.799,3.065,777.48,27.091,1.46929925,6427062,8.704028066,77.52,-0.7105706,3.615234,-0.4755071,-0.9119042,1.6209654,-0.3873227
249,MDG,2013,Low,0,5.826,-5.534,-3.403,-7.606,12.424,541.069,9.299,1.46929925,73642867.1,2.300386934,2206.914167,-0.7539618,3.868886,-0.6599934,-0.6486014,1.5871723,-0.7633572
250,MWI,2013,Moderate,0,28.279,-8.358,-6.427,22.393,5.432,317.471,28.276,1.46929925,44069161.8,5.199999998,364.4058333,-0.6073956,4.5200847,-0.2058098,-0.6850817,2.3377215,-0.178754
251,MLI,2013,Moderate,0,-2.383,-2.887,-2.372,10.267,13.243,827.335,17.387,1.46929925,105431259.9,2.29506829,493.8996239,-0.7861145,4.0971314,-1.722162,-0.4960637,1.7508805,-0.284508
252,MOZ,2013,Moderate,0,4.261,-40.521,-2.589,8.552,16.968,641.085,29.634,1.46929925,525780552.5,6.963607135,30.10411109,-0.6035165,4.3867307,-0.2269665,-0.4026927,1.6844116,-0.2563153
253,NER,2013,Moderate,0,2.285,-11.253,-1.929,8.935,10.225,552.575,18.482,1.46929925,74249135.4,5.315130636,493.8996239,-0.6110697,4.2790717,-1.321799,-0.5633752,1.8403966,-0.3062896
254,RWA,2013,Low,0,4.223,-7.09,-1.264,9.616,7.852,733.789,24.787,1.46929925,109303459.9,4.719854196,646.6359745,0.6279649,5.0197235,-0.1109516,0.0066703,2.3452758,-1.211103
255,STP,2013,High,1,8.106,-14.53,1.896,0.096,0.303,1619.71,33.446,1.46929925,5965520.8,4.814794386,18.44995262,-0.1755021,4.2741968,0.1118407,-0.7929333,1.731847,0.1350571
256,SEN,2013,Low,0,0.710,-8.244,-4.325,11.727,18.966,1376.09,17.711,1.46929925,399468576.7,2.82210565,493.8996239,-0.1868612,4.581484,-0.0607228,-0.047789,2.2611513,0.0600574
257,SLE,2013,Moderate,0,5.518,-17.329,-2.39,51.835,4.916,716.148,13.264,1.46929925,27376909.8,20.71576829,4332.500833,-0.9058447,3.774553,-0.1747183,-0.7071913,1.6409666,-0.3425916
258,TZA,2013,Low,0,7.870,-10.701,-3.81,1.767,45.681,970.348,15.033,1.46929925,237055219.4,6.781585601,1597.555833,-0.7741532,4.2902299,-0.1621208,-0.3290884,2.0270358,-0.2037866
259,TGO,2013,Moderate,0,1.763,-13.153,-5.199,14.122,4.322,621.408,21.462,1.46929925,53144418.7,6.112343078,493.8996239,-1.026878,3.705041,-0.3537108,-0.9222642,1.5265055,-0.9044718
260,UGA,2013,Low,0,4.905,-5.701,-3.19,4.809,32.331,964.833,10.112,1.46929925,87613922.9,3.586905826,2586.889569,-1.042657,4.4140575,-0.8386906,-0.2439245,2.158718,-0.5519767
261,ZMB,2013,Low,0,6.978,-0.779,-6.208,22.868,28.046,1839.54,17.629,1.46929925,319221356.7,5.05723174,5.396483333,-0.3067903,4.5074817,0.4359333,-0.4740081,2.2324383,-0.1060421
262,BEN,2014,Low,0,-1.083,-6.67,-1.651,1.279,13.288,1291.76,12.574,1.374742175,79883809.3,6.357679098,493.7573299,-0.6660711,4.5431819,0.0271398,-0.5859138,2.0119776,0.2663023
263,BFA,2014,Moderate,0,-0.258,-7.165,-1.737,10.018,13.947,793.051,19.19,1.374742175,93527597.3,4.326845615,493.7573299,-0.4648376,4.4211704,-0.7871286,-0.3089368,1.9527472,-0.3518519
264,BDI,2014,High,1,4.417,-19.456,-3.747,-12.903,2.837,286.373,23.395,1.374742175,30246927,4.240651644,1546.686667,-1.258653,3.870853,-0.7844071,-0.7070148,1.5339797,-1.041284
265,CMR,2014,Moderate,0,1.853,-4.006,-4.251,15.206,34.999,1552.47,16.612,1.374742175,530678084.1,5.884059327,493.7573299,-1.164004,4.2089658,-1.059252,-0.8845948,1.6035517,-0.9443417
266,CAF,2014,High,1,14.899,-13.335,-3.935,19.639,1.896,424.67,14.081,1.374742175,12050715.1,0.081070515,493.7573299,-1.160163,3.151667,-2.699193,-1.393427,0.804303,-1.391623
267,TCD,2014,High,1,1.682,-8.93,-4.182,5.947,14.003,1024.84,17.796,1.374742175,589336214.2,6.899985045,493.7573299,-1.31569,3.504073,-1.568883,-1.158972,1.361351,-1.331053
268,COM,2014,Moderate,0,-0.008,-3.783,-0.331,24.162,1.15,1505.18,14.2,1.374742175,782360.6,2.100006438,370.3179974,-0.6122024,3.32596,-0.1869102,-1.104208,1.6083003,-0.2917461
269,COD,2014,Moderate,0,1.240,-4.797,-0.017,8.634,35.911,425.329,18.473,1.374742175,410787291.8,9.470288097,925.2262825,-1.300999,3.43862,-2.167921,-1.362629,1.048952,-1.286678
270,COG,2014,Low,0,0.912,1.042,-10.732,3.488,17.918,4438.24,37.83,1.374742175,461130724.8,5.955207467,493.7573299,-1.178787,3.88969,-0.3592916,-1.214696,1.391396,-1.108313
271,CIV,2014,Moderate,0,0.449,1.045,-1.568,12.552,48.882,2115.19,13.645,1.374742175,1011102883,8.79407739,493.7573299,-0.4191529,4.166156,-1.037161,-0.5945303,1.9085842,-0.5076874
272,ETH,2014,Low,0,7.404,-6.602,-2.582,6.853,54.165,613.101,14.901,1.374742175,759224077.2,10.25749296,19.58578991,-0.4442555,4.5755183,-1.339387,-1.065146,2.0284367,-1.284354
273,GMB,2014,Moderate,0,6.262,-7.339,-3.937,-9.92,1.229,607.429,15.046,1.374742175,49629708.5,-1.407382495,41.73296165,-0.6938298,4.3301055,-0.1514007,-0.456939,1.8108743,-1.267749
274,GHA,2014,Moderate,0,15.486,-6.955,-7.975,3.228,53.173,1962.66,13.429,1.374742175,796651428.4,2.897438837,2.896575,-0.192189,4.7191424,-0.106808,-0.0057965,2.552245,0.4632516
275,GIN,2014,Moderate,0,9.712,-12.86,-3.207,2.927,8.79,729.798,16.971,1.374742175,85502795.2,3.707451613,7014.118777,-1.057489,3.767637,-0.9552428,-1.056362,1.139505,-0.8580707
276,GNB,2014,Moderate,0,-1.032,0.494,-2.436,8.027,1.136,712.826,20.523,1.374742175,6181616.4,0.964560751,493.7573299,-1.538464,3.416993,-0.7064517,-1.19097,1.174794,-0.850448
277,LBR,2014,Low,0,9.858,-20.487,-3.116,7.497,3.137,777.022,29.208,1.374742175,17484519.3,0.701143912,83.8925,-0.7714581,3.656944,-0.6154496,-0.8632321,1.6942059,-0.2758334
278,MDG,2014,Low,0,6.080,-0.269,-1.961,-2.54,12.523,530.863,10.594,1.374742175,99619750.6,3.339202244,2414.811667,-0.8404085,3.700678,-0.5572358,-0.6921741,1.7598725,-0.5003059
279,MWI,2014,Moderate,0,23.775,-8.175,-4.843,5.59,6.055,343.979,24.986,1.374742175,67691445.7,5.700000004,424.8966667,-0.7511342,4.3718888,0.0810932,-0.8000299,2.2136347,-0.0642981
280,MLI,2014,Moderate,0,2.730,-4.707,-2.886,-1.706,14.369,872.028,17.131,1.374742175,99435224.8,7.084683881,493.7573299,-0.7453915,3.900912,-1.713989,-0.6023568,1.8557038,-0.1614028
281,MOZ,2014,Moderate,0,2.560,-36.529,-10.262,-3.223,17.623,647.499,30.445,1.374742175,762944393.6,7.398512797,31.3526877,-0.6722683,4.2773319,-0.3360027,-0.4053305,1.6896662,-0.2459904
282,NER,2014,Moderate,0,-0.890,-12.028,-6.105,-0.503,10.866,564.74,17.457,1.374742175,114399693.6,6.642136654,493.7573299,-0.6868545,4.303813,-1.17584,-0.7179123,1.854256,-0.195137
283,RWA,2014,Low,0,1.784,-11.434,-3.9,8.561,8.272,751.989,23.47,1.374742175,169480057.9,6.167166701,682.4377954,0.7624834,4.9746679,-0.3134696,0.2464919,2.5568706,-1.111962
284,STP,2014,High,1,6.988,-20.746,-5.307,12.898,0.349,1826.92,25.116,1.374742175,13810120.3,6.5499331,18.46640305,-0.0019088,4.182698,0.184183,-0.7993983,1.7071195,0.3214463
285,SEN,2014,Low,0,-1.089,-6.981,-3.387,3.836,19.802,1397.02,19.713,1.374742175,360214435.7,6.613500103,493.7573299,0.0556562,4.5960556,-0.1982231,-0.2196877,2.4181762,0.2922798
286,SLE,2014,Moderate,0,4.645,-9.273,-3.605,3.219,5.007,713.53,14.039,1.374742175,35143664.3,4.556772366,4524.159167,-0.9406572,3.756286,-0.1040397,-0.8055689,1.5781415,-0.2866932
287,TZA,2014,Low,0,6.132,-9.953,-2.911,7.02,50.002,1030.74,14.377,1.374742175,266552567.2,6.732461868,1653.230833,-0.7544573,4.3449544,-0.5971186,-0.3316137,2.1048759,-0.1922616
288,TGO,2014,Moderate,0,0.187,-10.021,-6.847,-7.491,4.576,641.132,20.663,1.374742175,61739287.3,5.920588571,493.7573299,-0.8932849,3.750486,-0.1671269,-0.8202626,1.6427839,-0.7664886
289,UGA,2014,Low,0,3.076,-6.539,-2.74,-5.102,33.122,960.698,10.825,1.374742175,206376587.8,5.106307324,2599.788201,-1.085041,4.4985237,-0.9411262,-0.2150176,2.1116199,-0.5849968
290,ZMB,2014,Low,0,7.811,2.141,-5.799,-3.622,27.151,1727.03,18.895,1.374742175,398493394.6,4.697992363,6.154166667,-0.3422427,4.5004253,0.156212,-0.5034276,2.263451,-0.1096007
291,BEN,2015,Low,0,0.210,-5.964,-5.553,-9.452,11.389,1076.91,12.6,2.195671052,78183407.9,1.77815106,591.211698,-0.5508218,4.3803642,-0.013514,-0.5630289,1.9639919,0.2961213
292,BFA,2015,Moderate,0,0.914,-7.568,-2.09,6.504,11.833,653.393,18.269,2.195671052,113577480.7,3.921228794,591.211698,-0.277338,4.3805419,-0.6111074,-0.3713624,1.9766435,-0.1143418
293,BDI,2015,High,1,5.553,-20.687,-7.21,-7.492,3.255,318.992,14.887,2.195671052,26931535.4,-3.900003086,1571.898333,-1.25752,3.815735,-1.939511,-0.7104732,1.332418,-1.272203
294,CMR,2015,High,1,2.698,-3.794,-4.422,12.51,30.932,1338.6,16.479,2.195671052,508961959.1,5.651463744,591.211698,-1.074493,4.2194155,-0.9896075,-0.9170986,1.524032,-0.9540781
295,CAF,2015,High,1,1.403,-9.109,-0.588,2.203,1.696,377.476,13.375,2.195671052,17568691.7,4.33712103,591.211698,-1.308061,3.21535,-1.904765,-1.439941,0.815196,-1.225521
296,TCD,2015,High,1,4.827,-13.78,-4.38,36.63,10.952,776.105,13.96,2.195671052,103140841.1,2.767675685,591.211698,-1.363967,3.538964,-0.9745526,-1.210751,1.316722,-1.33518
297,COM,2015,Moderate,0,0.941,-0.257,2.597,-7.418,0.966,1231.14,21.657,2.195671052,7473546.7,1.116140583,443.4087735,-0.7191136,3.477993,-0.2327915,-1.029055,1.6847936,-0.2911683
298,COD,2015,Moderate,0,0.738,-3.913,-0.406,-2.03,37.915,435.979,16.826,2.195671052,396754431.1,6.91618781,925.9849613,-1.285265,3.370799,-2.150854,-1.34549,0.927453,-1.303906
299,COG,2015,Moderate,0,3.168,-38.986,-17.805,-12.125,11.891,2873.72,23.483,2.195671052,382709074,-3.235257871,591.211698,-1.196039,3.977809,-0.526366,-1.195739,1.421463,-1.016874
300,CIV,2015,Moderate,0,1.244,-0.44,-2.042,-2.841,45.815,1932.22,14.461,2.195671052,809279473.8,8.84285995,591.211698,-0.4349297,4.3144759,-0.8325459,-0.504151,1.8702835,-0.4073412
301,ETH,2015,Moderate,0,9.569,-11.733,-1.947,2.229,63.081,702.767,15.379,2.195671052,1049393466,10.39246302,20.57684875,-0.4501761,4.3532916,-1.498187,-1.031196,1.9909729,-1.298413
302,GMB,2015,Moderate,0,6.808,-9.888,-5.375,-11.783,1.355,649.511,14.203,2.195671052,41180810.5,4.058073804,42.50620809,-0.7702248,4.0965168,0.0195886,-0.5086934,1.7786741,-1.460066
303,GHA,2015,High,1,17.153,-5.835,-4.077,-8.675,48.595,1753.85,14.869,2.195671052,1010942766,2.178206744,3.714641667,-0.1888184,4.7778373,-0.0320993,-0.0312539,2.6423959,0.4899297
304,GIN,2015,Moderate,0,8.151,-12.949,-6.892,21.284,8.79,712.047,14.81,2.195671052,109199705.4,3.81494989,7485.516742,-0.989652,3.85441,-0.3869883,-0.8706912,1.33923,-0.8574654
305,GNB,2015,Moderate,0,1.481,1.824,-3.161,6.699,1.153,707.897,18.342,2.195671052,6522471.8,6.134082941,591.211698,-1.482593,3.38691,-0.5182164,-1.203109,1.216459,-0.7496215
306,LBR,2015,Moderate,0,7.742,-22.195,-4.4,-3.384,3.163,764.412,31.819,2.195671052,45440707,0,86.18836657,-0.6454387,3.642932,-0.8180257,-0.8650306,1.6433991,-0.2297582
307,MDG,2015,Moderate,0,7.404,-1.626,-2.85,-7.684,11.323,467.235,10.179,2.195671052,140622401.5,3.132295888,2933.508333,-0.851298,3.714396,-0.4273629,-0.7651789,1.8127386,-0.3806086
308,MWI,2015,Moderate,0,21.860,-17.198,-6.335,-27.876,6.402,353.507,24.722,2.195671052,70431269.3,2.799999999,499.6058333,-0.7665762,4.3337879,0.0318961,-0.8180815,2.1931137,-0.0040275
309,MLI,2015,Moderate,0,1.442,-5.323,-1.822,31.23,13.106,772.639,19.117,2.195671052,106400199.1,6.171800024,591.211698,-0.6828474,4.0689696,-1.685664,-0.577987,1.7648091,-0.1979333
310,MOZ,2015,Moderate,0,3.551,-37.414,-6.661,-1.792,15.951,570.129,26.025,2.195671052,642116959.5,6.72327878,39.98247415,-0.7488589,4.2536964,-0.5138951,-0.5003937,1.6512038,-0.2700363
311,NER,2015,Moderate,0,0.961,-15.345,-6.746,-8.997,9.685,484.215,17.489,2.195671052,88170441.4,4.392648832,591.211698,-0.6542467,4.3453804,-1.066546,-0.7289673,1.9292858,-0.2046032
312,RWA,2015,Low,0,2.507,-14.761,-2.669,-3.752,8.585,759.764,23.803,2.195671052,184681575,8.856844355,719.8595555,0.6357123,4.9541566,0.0132411,0.2429835,2.550415,-1.135208
313,STP,2015,High,1,5.256,-11.96,-6.252,-1.025,0.318,1623.81,27.956,2.195671052,2768639.8,3.911339748,22.09064456,-0.0451635,4.2490922,0.1440426,-0.7713445,1.7439213,0.2800619
314,SEN,2015,Low,0,0.858,-5.715,-3.663,-2.995,17.777,1219.37,19.284,2.195671052,377369805.6,6.367043651,591.211698,0.0590133,4.5735555,-0.1166648,-0.1575582,2.3583276,0.2836308
315,SLE,2015,Moderate,0,6.694,-15.537,-4.548,-25.646,4.252,592.903,16.192,2.195671052,51792937,-20.59877072,5080.7475,-0.7997045,3.7501,-0.1025168,-0.8951481,1.6463818,-0.2704397
316,TZA,2015,Low,0,5.588,-7.826,-3.169,13.876,47.384,947.897,13.982,2.195671052,353533050.3,6.160628774,1991.390833,-0.6878198,4.3980271,-0.4161943,-0.3749183,2.1282343,-0.2217764
317,TGO,2015,Moderate,0,1.790,-11.027,-8.828,-9.178,4.181,570.968,21.826,2.195671052,61268561.2,5.742868453,591.211698,-0.7238495,3.806942,-0.2313481,-0.8177804,1.7005261,-0.7007843
318,UGA,2015,Low,0,5.412,-6.117,-2.55,6.272,27.321,769.774,12.756,2.195671052,94794160.5,5.187859863,3240.64542,-1.051651,4.5153214,-0.8045017,-0.2619876,2.1097765,-0.5670019
319,ZMB,2015,Moderate,0,10.107,-2.687,-9.539,-11.374,21.243,1310.35,18.77,2.195671052,545473487,2.920375112,8.631666667,-0.3412615,4.4443351,0.1516949,-0.4365156,2.270285,-0.0665427
320,BEN,2016,Low,0,-0.794,-2.997,-4.289,17.369,11.818,1086.97,11.139,2.451023108,98641581.9,3.339673426,592.6056151,-0.5134378,4.4358097,-0.0020272,-0.5278944,1.8914075,0.4098547
321,BFA,2016,Moderate,0,-0.194,-6.085,-3.085,11.673,12.819,687.48,18.565,2.451023108,122291030.2,5.957976708,592.6056151,-0.1480786,4.4358314,-0.8673759,-0.3973829,2.0587208,0.0144986
322,BDI,2016,High,1,5.527,-13.542,-6.783,28.278,3.103,294.687,14.748,2.451023108,33404895.9,-0.600020001,1654.626667,-1.245702,3.558314,-1.970721,-0.8252589,1.039763,-1.555504
323,CMR,2016,High,1,0.873,-3.179,-6.092,1.091,32.635,1377.85,14.816,2.451023108,927334682.1,4.648481551,592.6056151,-1.154442,4.2361359,-1.062137,-0.7898978,1.463999,-1.030126
324,CAF,2016,High,1,4.945,-5.342,1.07,13.919,1.825,402.053,13.172,2.451023108,25252855.6,4.750316841,592.6056151,-1.280002,3.228296,-1.789267,-1.427307,0.683501,-1.082307
325,TCD,2016,High,1,-1.632,-10.425,-1.937,-14.731,10.202,700.558,12.429,2.451023108,124615875.8,-6.255527085,592.6056151,-1.487879,3.488105,-1.302365,-1.180022,1.12207,-1.362297
326,COM,2016,Moderate,0,0.802,-4.349,-4.48,-1.712,1.013,1256.04,14.182,2.451023108,6421827.5,3.320680025,444.4542113,-0.6658682,3.447225,0.0357599,-1.049556,1.5014907,-0.2902683
327,COD,2016,Moderate,0,3.153,-4.105,-0.495,25.597,36.64,409.046,13.982,2.451023108,483967534.8,2.399379098,1010.302757,-1.337323,3.489068,-2.234622,-1.323978,0.881492,-1.409874
328,COG,2016,Moderate,0,3.191,-48.678,-15.643,-14.228,10.159,2395.18,26.102,2.451023108,298010032.8,-10.19038534,592.6056151,-1.186978,3.903205,-0.5192695,-1.165628,1.404406,-1.160179
329,CIV,2016,Moderate,0,0.724,-0.864,-3.006,-7.373,47.964,1971.62,14.737,2.451023108,1566964733,7.179207824,592.6056151,-0.5300656,4.3268695,-0.9075593,-0.3648906,1.8554487,-0.3084423
330,ETH,2016,Moderate,0,6.628,-9.395,-2.34,12.626,70.886,777.294,15.884,2.451023108,1248304617,9.433482658,21.73154722,-0.4170368,4.3616439,-1.619813,-1.101313,2.0076512,-1.402079
331,GMB,2016,Moderate,0,7.225,-9.241,-6.397,13.938,1.47,683.998,13.148,2.451023108,42450221,1.943359655,43.37252767,-0.8120448,4.1580567,-0.4344123,-0.5093247,1.7255319,-1.262813
332,GHA,2016,High,1,17.455,-5.213,-6.888,5.748,54.989,1941.46,13.421,2.451023108,1542475857,3.447792991,3.909816667,-0.1490146,4.831689,-0.1309286,-0.2325097,2.5487858,0.5854982
333,GIN,2016,Moderate,0,8.174,-31.905,-0.147,5.616,8.604,679.947,15.989,2.451023108,79980308.8,10.82880684,8967.92708,-0.9189591,3.99414,-0.3938748,-0.8676737,1.283932,-0.7592747
334,GNB,2016,Moderate,0,2.707,1.358,-5.341,0.806,1.245,748.089,15.175,2.451023108,7668109.7,6.262805638,592.6056151,-1.552299,3.357002,-0.4426939,-1.235827,1.013198,-0.7331135
335,LBR,2016,Moderate,0,8.844,-19.233,-3.74,-22.025,3.277,772.393,31.747,2.451023108,12076287.6,-1.599584075,94.42724359,-0.7216154,3.721069,-0.4374078,-0.9484934,1.5548406,-0.1044029
336,MDG,2016,Moderate,0,6.056,0.482,-1.107,-31.92,11.849,476.226,12.438,2.451023108,123012897.3,3.993146085,3176.539167,-0.9073029,3.832273,-0.2900946,-0.6897418,1.6865956,-0.3154095
337,MWI,2016,Moderate,0,21.727,-18.451,-7.284,-7.227,5.492,294.755,23.677,2.451023108,75508701.5,2.484040626,718.005,-0.7566847,4.2740015,-0.1134786,-0.8448486,2.124669,-0.0292566
338,MLI,2016,Moderate,0,-1.800,-7.237,-3.942,-3.856,14.032,803.301,18.301,2.451023108,119565648.6,5.852299199,592.6056151,-0.6547985,4.0072489,-1.617233,-0.5908752,1.7178383,-0.231505
339,MOZ,2016,Moderate,0,19.853,-32.219,-5.483,-5.726,11.937,415.18,23.922,2.451023108,544590031.3,3.824214319,63.05623273,-0.8750069,4.136929,-1.094005,-0.7045604,1.448691,-0.41531
340,NER,2016,Moderate,0,0.179,-11.415,-4.463,-7.214,10.352,497.965,14.896,2.451023108,111368080,5.709274187,592.6056151,-0.6442041,4.3665066,-1.103307,-0.6713569,1.8389235,-0.4192002
341,RWA,2016,Low,0,5.723,-15.45,-2.26,9.78,8.734,759.492,22.763,2.451023108,223018477.7,5.970744298,787.2515218,0.6441216,5.0981101,-0.0548993,0.1071192,2.6018494,-1.152952
342,STP,2016,High,1,5.433,-6.076,-4.235,-6.312,0.348,1737.73,28.161,2.451023108,2627008.2,4.164766921,22.14886063,-0.0661725,4.3278811,0.2232869,-0.8124583,1.8368487,0.3642224
343,SEN,2016,Low,0,1.192,-4.188,-3.272,4.671,19.035,1269.55,20.691,2.451023108,398001415.1,6.356068572,592.6056151,-3.23E-06,4.5460754,-0.2182553,-0.1430723,2.3934993,0.3713109
344,SLE,2016,Moderate,0,10.883,-9.062,-8.46,-3.324,3.855,525.948,14.881,2.451023108,37313655.2,6.055474029,6290.297415,-0.8191309,3.829323,-0.1599265,-0.9254888,1.7226391,-0.1965125
345,TZA,2016,Low,0,5.168,-4.134,-2.083,-2.015,49.774,966.29,14.827,2.451023108,687750901.7,6.867116196,2177.086667,-0.5069014,4.4543916,-0.4409948,-0.4353084,2.1232992,-0.2219924
346,TGO,2016,Moderate,0,0.857,-9.766,-9.54,8.434,4.469,595.142,21.562,2.451023108,93655824.7,5.559079306,592.6056151,-0.6773949,3.931466,-0.1723536,-0.7933024,1.8664457,-0.544174
347,UGA,2016,Low,0,5.455,-2.834,-3.564,12.509,29.414,804.526,12.488,2.451023108,844447357.7,4.781000291,3420.098007,-1.056744,4.4287477,-0.7153227,-0.2131466,2.2488236,-0.6466277
348,ZMB,2016,Moderate,0,17.869,-3.269,-6.097,-4.704,20.941,1252.7,18.237,2.451023108,741751917.2,3.776679146,10.3075,-0.401866,4.3399413,0.142808,-0.4835931,2.19956,-0.2990198
349,BEN,2017,Moderate,0,1.769,-4.181,-4.204,-0.286,12.697,1136.14,13.581,2.17206317,104064425.9,5.671555469,580.6567496,-0.5561696,4.351795,0.030853,-0.4722349,1.8753746,0.3816542
350,BFA,2017,Moderate,0,0.351,-5.009,-6.884,19.424,14.165,738.014,19.247,2.17206317,135976508.6,6.203489411,580.6567496,-0.1141493,4.4200568,-0.926845,-0.4435385,2.1015246,0.0651853
351,BDI,2017,High,1,16.597,-14.952,-4.773,30.381,3.327,306.103,18.199,2.17206317,35064091.3,0.500009999,1729.055,-1.283891,3.658893,-2.00754,-0.8360441,1.104408,-1.57497
352,CMR,2017,High,1,0.642,-2.714,-4.872,3.098,34.997,1441.55,14.954,2.17206317,720802187.8,3.549087318,580.6567496,-1.20042,4.186327,-1.09568,-0.8227918,1.468366,-1.050573
353,CAF,2017,High,1,4.181,-7.822,-1.063,-1.712,2.072,450.744,12.8,2.17206317,39669908.7,4.527278213,580.6567496,-1.173228,3.234964,-2.006213,-1.48077,0.768514,-1.107356
354,TCD,2017,In debt distress,1,-0.897,-7.093,-0.231,-12.162,10.079,671.18,14.649,2.17206317,125657122.7,-2.988695986,580.6567496,-1.432375,3.530197,-1.28733,-1.210235,1.204657,-1.370252
355,COM,2017,Moderate,0,0.092,-2.132,0.351,3.987,1.077,1300.57,17.244,2.17206317,4053480.3,3.815702113,435.4925622,-0.6849652,3.433257,0.0360746,-1.037488,1.445186,-0.3356589
356,COD,2017,Moderate,0,35.787,-3.3,1.355,-19.768,37.615,407.705,11.743,2.17206317,395907838,3.726947653,1464.417932,-1.418138,3.36477,-2.351179,-1.465562,0.810182,-1.459709
357,COG,2017,Moderate,0,0.449,-3.259,-5.932,26.015,11.11,2555.44,22.393,2.17206317,331695668.7,-4.63308756,580.6567496,-1.330627,3.801517,-0.5316639,-1.329811,1.396239,-1.121137
358,CIV,2017,Moderate,0,0.692,-2.034,-3.333,13.516,51.588,2066.85,15.101,2.17206317,2248704453,7.359638088,580.6567496,-0.5254095,4.2419647,-1.090075,-0.3618664,1.8697743,-0.2832149
359,ETH,2017,High,1,10.687,-8.51,-3.243,-9.191,76.841,829.313,14.743,2.17206317,1496298335,9.564189643,23.86610446,-0.5574869,4.302043,-1.679589,-1.006072,2.0463473,-1.431522
360,GMB,2017,In debt distress,1,8.049,-7.391,-4.98,5.969,1.498,676.656,19.268,2.17206317,44460740.1,4.822611249,46.60890946,-0.6282324,4.3534982,-0.0840345,-0.4481761,2.0650544,-0.6221498
361,GHA,2017,High,1,12.372,-3.409,-4.061,32.58,58.978,2037.95,13.941,2.17206317,1980453449,8.143446549,4.350533333,-0.2296802,4.8908129,0.0917808,-0.1376108,2.6298672,0.597521
362,GIN,2017,Moderate,0,8.914,-6.724,-2.059,66.29,10.337,796.959,15.267,2.17206317,94199827.7,10.29990722,9088.319496,-1.012735,3.96151,-0.7009057,-0.8378924,1.269931,-0.7378039
363,GNB,2017,Moderate,0,-0.186,0.263,-1.321,3.453,1.469,864.141,16.788,2.17206317,11917049,5.919176626,580.6567496,-1.562845,3.23323,-0.4985851,-1.181866,1.06429,-0.7967396
364,LBR,2017,Moderate,0,12.435,-22.603,-4.792,-4.664,3.284,754.664,28.234,2.17206317,15078321.9,2.468626095,112.7066667,-0.6639162,3.659056,-0.3615999,-0.9461145,1.5491377,-0.0198257
365,MDG,2017,Moderate,0,8.590,-0.422,-2.103,-9.658,13.176,515.935,12.839,2.17206317,131925176.5,3.933316171,3116.11,-1.050775,3.860393,-0.3012637,-0.694037,1.6399518,-0.3443277
366,MWI,2017,Moderate,0,11.541,-25.606,-7.326,-8.363,6.23,325.01,25.241,2.17206317,71227966.2,4.000030517,730.2725,-0.6590769,4.3404742,-0.251155,-0.7484592,2.130426,-0.0303336
367,MLI,2017,Moderate,0,1.764,-7.285,-2.862,13.65,15.36,853.566,20.06,2.17206317,144407654.3,5.305456084,580.6567496,-0.6422669,4.063278,-1.90659,-0.5726805,1.721814,-0.2513361
368,MOZ,2017,Moderate,0,15.113,-19.662,-2.923,34.632,13.15,445.192,27.055,2.17206317,512067620.6,3.741317593,63.58432291,-0.8343793,4.1082551,-0.9281119,-0.7295633,1.5121491,-0.418854
369,NER,2017,Moderate,0,0.190,-11.393,-4.115,11.574,11.186,517.792,15.386,2.17206317,132258666.7,4.999097165,580.6567496,-0.6630446,4.2957629,-1.265569,-0.6793114,1.8190268,-0.4280573
370,RWA,2017,Low,0,4.837,-7.454,-2.517,40.688,9.253,784.138,22.575,2.17206317,241345549.9,3.976289694,831.5543398,0.6330361,5.2668521,0.0880427,0.1462778,2.6286223,-1.119493
371,STP,2017,High,1,5.693,-13.233,-2.689,-16.019,0.376,1842.33,24.943,2.17206317,3846315.8,3.848982387,21.74113836,0.1712631,4.2499089,0.1859762,-0.8332095,1.7990116,0.2998572
372,SEN,2017,Low,0,1.143,-7.276,-2.968,11.069,20.989,1361.22,19.495,2.17206317,659631668,7.407486186,580.6567496,-0.0891666,4.6825026,-0.0505645,-0.1474659,2.35634,0.317839
373,SLE,2017,Moderate,0,18.220,-21.048,-8.782,-14.319,3.713,495.812,14.647,2.17206317,58367610.7,4.211182649,7384.432222,-0.5661186,3.824243,-0.0358915,-0.9200207,1.7188233,-0.1930107
374,TZA,2017,Low,0,5.321,-2.597,-1.158,-11.782,53.227,1002.87,15.415,2.17206317,709380716.7,6.785680114,2228.856667,-0.4617004,4.3659094,-0.561863,-0.579317,2.0549937,-0.2775085
375,TGO,2017,Moderate,0,-0.215,-2.012,-0.277,1.4,4.801,623.606,21.365,2.17206317,110574867,4.357413915,580.6567496,-0.7131001,3.875009,-0.8819118,-0.7898968,1.7845098,-0.6236502
376,UGA,2017,Low,0,5.629,-4.763,-2.748,9.862,31.234,829.073,12.801,2.17206317,187852536.7,3.809129029,3611.224458,-1.042836,4.4224139,-0.5715618,-0.2224542,2.2041568,-0.5871384
377,ZMB,2017,High,1,6.577,-1.682,-7.588,3.546,25.868,1500.65,17.475,2.17206317,838084864.7,3.504336096,9.5175,-0.5424167,4.3724319,0.1461797,-0.4661042,2.1749541,-0.3343522
378,BEN,2018,Moderate,0,0.849,-4.553,-2.976,11.697,14.257,1240.78,13.591,2.409470035,231424920.7,6.697259461,555.4464584,-0.3859641,4.4340134,-0.1326304,-0.3369086,1.8248602,0.2675807
379,BFA,2018,Moderate,0,1.956,-4.104,-4.355,5.963,16.207,820.533,19.403,2.409470035,143931394.7,6.731235608,555.4464584,-0.1129444,4.4216571,-1.049443,-0.3715874,2.0543637,-0.04313
380,BDI,2018,High,1,-2.767,-14.532,-6.764,15.208,3.185,284.53,19.002,2.409470035,29309675.7,1.609933082,1782.876875,-1.450813,3.580018,-1.561205,-0.9778942,1.003772,-1.658291
381,CMR,2018,High,1,1.066,-3.641,-2.488,-1.481,38.712,1555.67,16.059,2.409470035,1060126301,4.062486841,555.4464584,-1.151188,4.2003475,-1.393837,-0.7983038,1.420542,-1.115054
382,CAF,2018,High,1,1.612,-7.961,-0.972,6.3,2.28,488.589,16.634,2.409470035,26164756.1,3.789443593,555.4464584,-1.233546,3.279583,-2.171953,-1.367176,0.812773,-1.191068
383,TCD,2018,High,1,4.037,-1.401,1.936,11.143,11.036,713.034,15.286,2.409470035,176980675.9,2.3740378,555.4464584,-1.410568,3.471153,-1.47283,-1.110758,1.195024,-1.452716
384,COM,2018,Moderate,0,1.702,-2.752,-1.038,12.681,1.179,1386.01,13.879,2.409470035,7625534.9,3.430764136,416.5848438,-0.8165069,3.360866,-0.3374451,-1.11087,1.419127,-0.478406
385,COD,2018,Moderate,0,29.266,-3.551,-0.048,24.439,47.099,495.635,11.091,2.409470035,376355010.1,5.8211211,1622.523502,-1.503585,3.445213,-2.107878,-1.474025,0.716285,-1.495177
386,COG,2018,Moderate,0,1.153,1.47,5.759,30.188,13.402,3007.47,25.376,2.409470035,389099182.6,-6.204007024,555.4464584,-1.358974,3.782764,-0.339566,-1.329745,1.398991,-1.180254
387,CIV,2018,Moderate,0,0.422,-3.599,-2.945,-2.148,57.725,2254.1,14.858,2.409470035,1653811043,6.89028432,555.4464584,-0.4993051,4.4294814,-0.8890731,-0.2004344,1.920397,-0.2315187
388,ETH,2018,High,1,13.833,-6.522,-3.029,23.825,80.207,852.011,13.07,2.409470035,1657222672,6.816147797,27.42938659,-0.4862171,4.3925303,-1.269462,-0.9712701,2.0716355,-1.148297
389,GMB,2018,In debt distress,1,6.521,-9.521,-6.057,26.277,1.662,729.035,15.085,2.409470035,47404246.2,7.234890333,48.15178064,-0.4623365,4.3765288,-0.0659801,-0.6283253,2.0691708,-0.1979683
390,GHA,2018,High,1,9.837,-3.12,-6.972,1.785,65.518,2216.84,14.479,2.409470035,2659084988,6.263480732,4.585325,-0.1158941,4.7897296,-0.017135,-0.0917172,2.5715621,0.5792788
391,GIN,2018,Moderate,0,9.826,-18.737,-1.063,-10.254,12.181,916.223,14.545,2.409470035,104416367.5,6.199774687,9011.134177,-1.04368,4.0290768,-0.8744907,-0.7763806,1.288755,-0.752925
392,GNB,2018,Moderate,0,0.381,-3.598,-4.919,19.28,1.506,866.451,15.191,2.409470035,14334966.5,3.799999998,555.4464584,-1.533915,3.51215,-0.6762453,-1.202787,1.266227,-0.666715
393,LBR,2018,Moderate,0,23.547,-22.493,-5.097,6.159,3.264,731.317,26.816,2.409470035,35401018.1,1.222551313,144.0555758,-0.8520926,3.659169,-0.2454872,-0.9571922,1.5111128,-0.0431769
394,MDG,2018,Moderate,0,8.598,0.711,-1.329,-5.945,13.851,528.481,12.928,2.409470035,119673469,4.564782759,3334.752255,-1.000645,3.846879,-0.5702538,-0.7335708,1.6861187,-0.3045127
395,MWI,2018,Moderate,0,9.215,-20.526,-5.503,2.441,6.911,350.441,23.615,2.409470035,84100809.6,3.17000322,732.3333333,-0.7446045,4.2713295,-0.4234232,-0.6767547,2.1196045,-0.0577253
396,MLI,2018,Moderate,0,1.734,-4.928,-4.77,-2.486,16.978,915.638,15.658,2.409470035,210474586.6,4.746484327,555.4464584,-0.6976493,3.995362,-2.077425,-0.5552012,1.7023349,-0.3100623
397,MOZ,2018,In debt distress,1,3.911,-29.554,-6.845,5.417,14.71,484.87,25.761,2.409470035,611270307.9,3.44381384,60.32620764,-0.7809925,4.1257187,-0.8135263,-0.7521439,1.4565,-0.4660109
398,NER,2018,Moderate,0,2.753,-12.643,-2.999,-5.481,12.853,572.687,18.096,2.409470035,124358431.5,7.219172668,555.4464584,-0.5796463,4.2339575,-1.354283,-0.6391519,1.9197614,-0.582216
399,RWA,2018,Low,0,1.364,-7.854,-2.575,10.445,9.629,795.755,23.826,2.409470035,259472826.6,8.579424541,861.0934122,0.5783511,5.2068089,0.1185909,0.0864492,2.6178017,-1.127887
400,STP,2018,In debt distress,1,8.270,-12.288,-1.883,7.62,0.416,1988.72,24.142,2.409470035,4645087,2.945267908,20.75085924,0.1836774,4.3606097,0.5299922,-0.8400686,1.8136677,0.1590701
401,SEN,2018,Low,0,0.455,-8.762,-3.644,10.954,23.248,1466.1,18.791,2.409470035,821149342,6.379556584,555.4464584,-0.0249317,4.7321844,-0.0929849,-0.1072984,2.2917507,0.2403084
402,SLE,2018,High,1,16.033,-18.668,-5.59,3.295,4.085,533.972,15.767,2.409470035,58810849.9,3.446162621,7931.63175,-0.4923064,3.857052,-0.0768317,-0.8867556,1.7305216,-0.1646086
403,TZA,2018,Low,0,3.509,-3.004,-1.932,11.115,56.699,1036.93,14.674,2.409470035,1081767688,5.444967632,2263.781667,-0.4464366,4.2437342,-0.5617821,-0.622853,1.944985,-0.3637559
404,TGO,2018,Moderate,0,0.928,-3.451,-0.775,1.649,5.358,679.222,23.893,2.409470035,125614761.2,4.931155222,555.4464584,-0.7301584,3.942209,-0.884303,-0.6515545,1.9091229,-0.743248
405,UGA,2018,Low,0,2.623,-6.808,-2.735,10.107,33.754,869.431,13.22,2.409470035,529039099,6.162619139,3727.068995,-1.038054,4.3939601,-0.6932233,-0.2512031,2.2051622,-0.6650828
406,ZMB,2018,High,1,6.993,-1.263,-8.428,7.283,27.005,1519.45,18.925,2.409470035,1448582910,4.034378235,10.45833333,-0.6562852,4.4407907,0.0938291,-0.4842296,2.1549504,-0.3190484
407,BEN,2019,Moderate,0,-0.933,-4.332,-0.54,-4.384,14.392,1218.21,14.062,3.276918795,514019288.8,6.865687335,585.9508138,-0.3237639,4.5593483,-0.3478641,-0.3759647,1.8358741,0.0920652
408,BFA,2019,Moderate,0,-3.233,-4.772,-3.468,-2.922,15.746,774.695,20.399,3.276918795,157089891.5,5.699434934,585.9110132,-0.1886562,4.2414891,-1.188618,-0.376492,2.0737409,-0.1800907
409,BDI,2019,High,1,-0.709,-17.874,-8.259,5.098,3.111,269.826,21.784,3.276918795,40373276.4,1.842476677,1845.622891,-1.45847,3.673678,-1.64903,-0.9495389,1.068095,-1.708204
410,CMR,2019,High,1,2.452,-4.356,-3.311,-2.231,38.863,1523.66,15.743,3.276918795,1170797719,3.720711422,585.9110132,-1.208662,4.1878535,-1.555283,-0.8270048,1.381091,-1.19461
411,CAF,2019,High,1,2.685,-4.929,1.425,-1.781,2.277,479.863,18.347,3.276918795,38025686.9,2.970275648,585.9110132,-1.22844,3.252799,-2.182968,-1.372812,0.771614,-1.201646
412,TCD,2019,High,1,-0.972,-4.878,-0.172,9.571,10.934,685.677,14.249,3.276918795,156978915.5,3.247181917,585.9110132,-1.420567,3.431596,-1.340024,-1.119248,1.216642,-1.41773
413,COM,2019,Moderate,0,3.701,-3.806,-2.204,0.497,1.19,1362.42,16.137,3.276918795,7778913,1.986109517,439.4631103,-1.02035,3.330802,-0.1486754,-1.119256,1.412497,-0.6893845
414,COD,2019,Moderate,0,4.705,-3.778,-2.053,-9.633,49.816,508.953,10.87,3.276918795,1279494185,4.384528881,1647.760127,-1.538931,3.372571,-1.808007,-1.509667,0.713912,-1.365966
415,COG,2019,In debt distress,1,2.207,3.527,5.822,-3.724,12.542,2745.8,27.251,3.276918795,499693900.9,-3.544130306,585.9110132,-1.409547,3.612293,-0.8926991,-1.299436,1.350291,-1.261732
416,CIV,2019,Moderate,0,0.806,-2.674,-2.288,10.346,58.581,2229.56,15.029,3.276918795,3002392572,6.231709513,585.9110132,-0.5250723,4.517412,-0.962356,-0.2428631,1.9330934,-0.2225739
417,ETH,2019,High,1,15.810,-5.317,-2.528,0.531,92.796,960.765,12.793,3.276918795,2224445558,8.364085699,29.06975,-0.4064651,4.3654227,-1.279597,-0.8889709,2.0265218,-1.046125
418,GMB,2019,In debt distress,1,7.116,-5.3,-2.531,19.866,1.818,774.206,21.044,3.276918795,47636289.8,6.056765744,50.06246137,-0.2852226,4.369324,0.1114135,-0.6649198,2.1284239,-0.2162317
419,GHA,2019,High,1,7.176,-2.739,-7.341,5.718,66.998,2220.82,13.738,3.276918795,1901116913,6.478394805,5.217366667,-0.0790386,4.789896,0.098347,-0.1110496,2.5468897,0.5842582
420,GIN,2019,Moderate,0,9.471,-13.698,-0.465,18.16,13.797,1012.5,14.129,3.276918795,91402939.2,5.6,9183.875864,-0.9049651,4.2212542,-0.8306405,-0.7698209,1.290972,-0.7485375
421,GNB,2019,Moderate,0,0.247,-8.53,-4.607,14.609,1.44,810.558,15.426,3.276918795,16880808,4.600094045,585.9110132,-1.453986,3.485559,-0.562632,-1.233335,1.235955,-0.4587073
422,LBR,2019,Moderate,0,26.969,-21.547,-4.548,-1.561,3.176,693.818,28.093,3.276918795,40873249.9,-2.278245125,186.4297446,-0.8775807,3.624867,-0.2290139,-0.9789448,1.5047888,-0.0283429
423,MDG,2019,Low,0,5.623,-2.285,-1.419,14.754,14.124,525.296,13.921,3.276918795,113832287.6,4.851,3618.321858,-1.00937,3.857546,-0.2525476,-0.7300456,1.491187,-0.2205981
424,MWI,2019,Moderate,0,9.378,-17.147,-6.363,19.792,7.663,377.72,23.171,3.276918795,99773968.8,4.369238991,745.5406679,-0.7811527,4.2505633,-0.2672529,-0.7011955,2.1688766,-0.0948665
425,MLI,2019,Moderate,0,-2.894,-4.197,-1.68,-6.374,17.324,907.252,21.412,3.276918795,226024175,4.751341534,585.9110132,-0.6966435,3.943556,-2.153436,-0.573186,1.6657664,-0.4140995
426,MOZ,2019,In debt distress,1,2.785,-20.352,-0.15,-2.128,15.195,487.687,29.867,3.276918795,881212103.7,2.283597203,62.54833333,-0.8010145,4.1767104,-0.7454386,-0.7247643,1.479816,-0.5082347
427,NER,2019,Moderate,0,-2.520,-12.586,-3.559,2.391,12.912,553.916,18.01,3.276918795,155378310.3,5.90279179,585.9110132,-0.5541663,4.1989383,-1.403038,-0.6687045,1.9670688,-0.5653689
428,RWA,2019,Low,0,2.426,-9.233,-5.193,10.5,10.123,816.358,23.644,3.276918795,169493324.7,9.428675224,899.350509,0.564346,5.1850227,0.1156722,0.0773843,2.5761882,-1.079368
429,STP,2019,In debt distress,1,8.356,-12.483,-1.758,7.006,0.422,1980.35,22.543,3.276918795,8873724.5,1.301623446,21.88474182,0.2258455,4.373086,0.5156373,-0.9070695,1.8202977,0.3727669
430,SEN,2019,Moderate,0,1.020,-7.687,-3.825,4.653,23.579,1445.89,20.189,3.276918795,945907878.1,5.271192358,585.9110132,0.0484844,4.9426306,0.0573639,-0.1122398,2.3092397,0.2603854
431,SLE,2019,High,1,14.803,-13.51,-2.741,32.525,4.213,539.122,17.548,3.276918795,64652740.4,5.507686458,9010.221144,-0.4113611,3.873405,-0.0981833,-0.8819937,1.7336369,-0.096367
432,TZA,2019,Low,0,3.449,-2.286,-1.716,8.003,60.81,1079.68,14.668,3.276918795,1452281574,5.791371376,2288.206667,-0.3908709,4.1209496,-0.3620471,-0.6409062,1.9220687,-0.503791
433,TGO,2019,Moderate,0,0.687,-4.264,2.134,3.814,5.459,675.304,23.351,3.276918795,118474334.8,5.338669812,585.9110132,-0.7497168,4.0826653,-0.805393,-0.6789817,1.9112033,-0.7209277
434,UGA,2019,Low,0,2.870,-6.488,-5.015,2.995,36.484,916.156,13.662,3.276918795,300061749.6,6.803326813,3704.049072,-1.165626,4.4147999,-0.6457884,-0.3742244,2.1853888,-0.6238396
435,ZMB,2019,High,1,9.800,0.606,-8.143,-12.488,24.156,1318.47,19.724,3.276918795,2589958239,1.441784548,12.89,-0.6403451,4.3247855,-0.1022162,-0.5542691,2.0379307,-0.2861988
